Order_ID,Customer_ID,Product_ID,Quantity,Order_Date,Order_Time,Delivery_Date,Delivery_Time,Occasion
1,C037,67,5,24/02/2023,23:48:13,05/03/2023,07:27:10,Birthday
2,C019,41,4,07/11/2023,23:30:18,13/11/2023,07:16:17,Wedding's Day
3,C029,67,7,14/07/2023,19:12:03,19/07/2023,17:39:00,Engagement Day
4,C012,14,6,10/07/2023,04:44:29,19/07/2023,06:33:23,Anniversary's Day
5,C078,58,1,11/02/2023,19:44:48,18/02/2023,11:08:52,Graduation Day
6,C040,28,5,20/08/2023,22:11:35,26/08/2023,19:06:46,Farewells
7,C009,45,5,08/05/2023,01:45:13,13/05/2023,10:07:17,Holiday
8,C097,43,3,08/11/2023,19:20:02,14/11/2023,08:44:45,Special Events
9,C044,27,5,20/08/2023,23:39:51,29/08/2023,23:59:54,Birthday
10,C099,56,7,26/02/2023,00:17:26,08/03/2023,20:47:43,Wedding's Day
11,C065,16,1,02/03/2023,20:14:55,03/03/2023,23:19:47,Engagement Day
12,C097,38,3,12/07/2023,08:28:56,20/07/2023,23:34:57,Anniversary's Day
13,C024,20,2,24/02/2023,16:47:16,04/03/2023,02:27:37,Graduation Day
14,C042,60,7,08/11/2023,03:46:06,15/11/2023,12:08:02,Farewells
15,C069,21,1,26/08/2023,02:52:39,30/08/2023,13:26:45,Holiday
16,C013,20,4,16/02/2023,15:06:11,20/02/2023,22:14:21,Special Events
17,C056,60,4,04/11/2023,11:31:33,13/11/2023,18:40:13,Birthday
18,C072,23,5,10/12/2023,10:46:15,11/12/2023,00:20:29,Wedding's Day
19,C072,62,6,07/03/2023,07:59:48,08/03/2023,03:04:34,Engagement Day
20,C011,52,5,11/02/2023,14:36:57,14/02/2023,01:34:16,Anniversary's Day
21,C090,32,3,09/02/2023,11:20:52,12/02/2023,11:36:26,Graduation Day
22,C054,43,3,09/11/2023,01:05:28,14/11/2023,09:49:47,Farewells
23,C041,12,2,05/05/2023,05:28:33,06/05/2023,12:12:24,Holiday
24,C018,42,2,25/07/2023,05:10:42,03/08/2023,07:57:35,Special Events
25,C091,30,5,21/07/2023,10:46:57,24/07/2023,14:28:42,Birthday
26,C040,6,3,06/03/2023,05:03:06,12/03/2023,06:06:11,Wedding's Day
27,C063,9,4,22/08/2023,11:16:28,30/08/2023,07:59:12,Engagement Day
28,C088,42,2,05/05/2023,03:25:25,10/05/2023,07:55:04,Anniversary's Day
29,C064,10,3,22/09/2023,01:06:22,01/10/2023,14:29:16,Graduation Day
30,C044,23,7,13/01/2023,09:23:33,15/01/2023,13:36:58,Farewells
31,C029,7,2,28/02/2023,13:13:22,03/03/2023,23:35:49,Holiday
32,C065,7,6,04/03/2023,15:36:41,05/03/2023,15:54:10,Special Events
33,C047,8,4,15/04/2023,01:37:27,25/04/2023,02:13:27,Birthday
34,C071,17,1,01/10/2023,22:58:15,05/10/2023,05:36:46,Wedding's Day
35,C055,7,1,02/03/2023,16:10:26,05/03/2023,15:00:40,Engagement Day
36,C029,66,2,04/03/2023,10:28:53,14/03/2023,08:14:49,Anniversary's Day
37,C096,19,2,10/02/2023,11:01:04,15/02/2023,21:19:36,Graduation Day
38,C067,37,3,11/11/2023,12:30:28,14/11/2023,12:24:51,Farewells
39,C054,43,1,02/11/2023,19:25:58,04/11/2023,13:28:42,Holiday
40,C066,48,3,02/11/2023,14:15:10,05/11/2023,04:29:54,Special Events
41,C047,54,3,08/06/2023,19:19:50,10/06/2023,14:29:42,Birthday
42,C080,35,4,26/02/2023,00:08:38,07/03/2023,17:18:28,Wedding's Day
43,C046,49,2,12/02/2023,22:31:16,16/02/2023,02:47:47,Engagement Day
44,C006,14,3,17/07/2023,21:57:56,27/07/2023,10:48:09,Anniversary's Day
45,C097,61,2,28/04/2023,14:26:26,29/04/2023,06:16:36,Graduation Day
46,C059,22,4,18/04/2023,03:21:11,23/04/2023,08:02:45,Farewells
47,C013,7,1,26/02/2023,13:04:28,28/02/2023,06:00:20,Holiday
48,C031,65,3,12/11/2023,20:00:30,16/11/2023,05:31:42,Special Events
49,C020,43,3,11/11/2023,17:44:30,18/11/2023,13:49:52,Birthday
50,C014,41,4,09/11/2023,06:56:33,16/11/2023,10:19:22,Wedding's Day
51,C036,10,1,15/03/2023,09:23:49,19/03/2023,16:46:40,Engagement Day
52,C023,9,5,29/08/2023,19:55:22,07/09/2023,04:22:02,Anniversary's Day
53,C045,9,2,20/08/2023,08:25:45,27/08/2023,05:59:31,Graduation Day
54,C059,30,3,13/04/2023,09:55:01,23/04/2023,14:30:59,Farewells
55,C040,5,6,08/02/2023,08:01:07,13/02/2023,07:42:58,Holiday
56,C095,58,2,08/02/2023,12:11:48,13/02/2023,18:51:59,Special Events
57,C090,35,1,26/02/2023,08:00:15,06/03/2023,12:27:32,Birthday
58,C077,36,3,06/01/2023,02:51:30,15/01/2023,08:26:18,Wedding's Day
59,C041,51,2,26/06/2023,03:56:15,28/06/2023,20:10:04,Engagement Day
60,C023,5,4,13/12/2023,06:46:45,15/12/2023,13:03:56,Anniversary's Day
61,C058,44,6,08/11/2023,22:26:25,10/11/2023,08:08:31,Graduation Day
62,C074,6,1,02/03/2023,15:30:51,06/03/2023,23:51:40,Farewells
63,C056,42,5,25/06/2023,06:22:38,26/06/2023,15:40:04,Holiday
64,C015,25,5,12/06/2023,02:48:39,15/06/2023,22:05:41,Special Events
65,C033,54,6,01/09/2023,13:02:28,11/09/2023,06:33:52,Birthday
66,C017,35,5,26/02/2023,21:00:44,27/02/2023,06:25:58,Wedding's Day
67,C047,10,6,06/07/2023,17:28:21,14/07/2023,21:11:01,Engagement Day
68,C050,34,2,25/08/2023,22:43:58,31/08/2023,21:31:14,Anniversary's Day
69,C091,12,2,02/09/2023,19:21:41,08/09/2023,09:30:02,Graduation Day
70,C037,17,7,28/09/2023,04:21:09,03/10/2023,11:44:33,Farewells
71,C013,9,6,20/08/2023,16:32:06,28/08/2023,13:31:32,Holiday
72,C058,26,5,03/03/2023,15:49:26,12/03/2023,17:34:10,Special Events
73,C057,26,5,03/03/2023,12:52:36,11/03/2023,01:28:36,Birthday
74,C024,31,2,01/01/2023,20:55:22,07/01/2023,09:02:03,Wedding's Day
75,C009,65,6,06/04/2023,11:10:24,09/04/2023,23:00:34,Engagement Day
76,C054,4,7,09/11/2023,05:13:11,12/11/2023,00:34:50,Anniversary's Day
77,C028,42,6,05/08/2023,01:07:11,13/08/2023,16:20:52,Graduation Day
78,C062,11,5,04/02/2023,13:00:09,08/02/2023,20:31:15,Farewells
79,C010,40,5,01/06/2023,17:29:30,11/06/2023,07:34:53,Holiday
80,C008,39,7,02/01/2023,11:07:02,11/01/2023,02:05:50,Special Events
81,C053,1,5,22/02/2023,18:29:21,03/03/2023,07:09:32,Birthday
82,C038,70,3,04/08/2023,22:02:05,05/08/2023,14:08:13,Wedding's Day
83,C036,27,6,23/08/2023,19:12:01,02/09/2023,14:44:00,Engagement Day
84,C032,47,7,04/03/2023,03:31:50,06/03/2023,07:02:20,Anniversary's Day
85,C041,26,6,04/03/2023,21:35:20,14/03/2023,14:48:22,Graduation Day
86,C046,39,3,13/09/2023,11:27:49,22/09/2023,14:09:30,Farewells
87,C055,2,6,04/02/2023,13:17:21,11/02/2023,23:06:36,Holiday
88,C008,15,2,22/12/2023,10:02:31,01/01/2024,12:17:55,Special Events
89,C060,3,4,12/02/2023,22:56:52,13/02/2023,14:41:41,Birthday
90,C088,41,1,09/11/2023,20:54:16,18/11/2023,17:48:35,Wedding's Day
91,C061,6,3,27/02/2023,13:52:56,05/03/2023,13:23:25,Engagement Day
92,C100,18,1,15/05/2023,00:11:18,25/05/2023,11:17:55,Anniversary's Day
93,C047,24,4,01/05/2023,17:50:59,03/05/2023,18:35:56,Graduation Day
94,C099,69,3,02/03/2023,14:51:08,11/03/2023,08:14:49,Farewells
95,C039,70,2,29/05/2023,07:54:41,03/06/2023,07:16:33,Holiday
96,C099,25,3,14/03/2023,15:00:21,23/03/2023,08:56:06,Special Events
97,C041,41,7,03/11/2023,20:11:32,08/11/2023,01:35:25,Birthday
98,C031,8,6,30/10/2023,15:26:00,01/11/2023,16:34:28,Wedding's Day
99,C050,38,1,04/11/2023,14:00:46,05/11/2023,15:44:38,Engagement Day
100,C055,42,3,09/05/2023,05:50:07,17/05/2023,05:30:26,Anniversary's Day
101,C064,70,6,19/06/2023,03:56:52,21/06/2023,06:18:37,Graduation Day
102,C081,10,3,28/10/2023,19:34:14,06/11/2023,07:06:35,Farewells
103,C097,18,1,01/02/2023,12:24:59,08/02/2023,22:51:39,Holiday
104,C082,51,7,29/12/2023,01:45:29,05/01/2024,00:15:28,Special Events
105,C063,36,7,11/02/2023,02:57:36,21/02/2023,01:34:10,Birthday
106,C095,41,2,06/11/2023,17:55:46,08/11/2023,23:00:28,Wedding's Day
107,C041,4,6,06/11/2023,10:18:07,12/11/2023,14:20:21,Engagement Day
108,C012,26,6,27/02/2023,09:03:26,05/03/2023,08:03:05,Anniversary's Day
109,C074,50,6,27/02/2023,15:35:48,01/03/2023,08:38:56,Graduation Day
110,C075,26,3,04/03/2023,11:23:44,13/03/2023,08:27:31,Farewells
111,C009,8,3,21/06/2023,14:18:57,25/06/2023,21:03:57,Holiday
112,C023,37,2,11/11/2023,06:36:04,14/11/2023,15:50:59,Special Events
113,C032,1,2,14/11/2023,15:30:30,23/11/2023,04:26:47,Birthday
114,C009,40,7,03/02/2023,16:03:15,07/02/2023,02:22:48,Wedding's Day
115,C095,57,1,28/04/2023,18:11:22,05/05/2023,11:36:31,Engagement Day
116,C009,4,7,11/11/2023,14:28:05,20/11/2023,05:25:26,Anniversary's Day
117,C033,59,2,20/08/2023,18:50:05,22/08/2023,03:43:01,Graduation Day
118,C035,62,2,27/02/2023,14:30:59,05/03/2023,10:32:52,Farewells
119,C010,6,4,04/03/2023,11:02:10,12/03/2023,12:22:18,Holiday
120,C050,61,4,25/12/2023,22:26:37,31/12/2023,09:57:24,Special Events
121,C048,33,6,05/02/2023,02:18:55,09/02/2023,07:29:31,Birthday
122,C083,24,5,03/10/2023,09:04:23,13/10/2023,03:15:14,Wedding's Day
123,C026,38,7,15/01/2023,00:31:09,25/01/2023,04:58:43,Engagement Day
124,C030,67,3,21/07/2023,08:44:55,23/07/2023,05:23:44,Anniversary's Day
125,C020,31,7,19/03/2023,09:12:11,25/03/2023,14:36:11,Graduation Day
126,C040,19,6,04/02/2023,02:28:24,13/02/2023,13:16:38,Farewells
127,C051,60,5,02/11/2023,14:04:38,03/11/2023,19:25:01,Holiday
128,C065,12,7,06/03/2023,16:50:28,13/03/2023,15:11:19,Special Events
129,C051,67,2,17/02/2023,05:21:30,20/02/2023,08:17:32,Birthday
130,C070,10,7,22/04/2023,13:32:41,27/04/2023,22:01:54,Wedding's Day
131,C078,3,1,04/02/2023,20:30:50,11/02/2023,08:29:03,Engagement Day
132,C045,49,6,04/02/2023,23:23:41,13/02/2023,19:55:48,Anniversary's Day
133,C018,43,7,10/11/2023,15:51:54,16/11/2023,11:22:51,Graduation Day
134,C036,69,3,05/03/2023,19:12:46,14/03/2023,04:58:29,Farewells
135,C087,30,7,13/12/2023,10:20:09,14/12/2023,15:43:20,Holiday
136,C036,56,5,05/09/2023,16:08:59,09/09/2023,22:12:18,Special Events
137,C070,47,1,05/03/2023,16:06:24,11/03/2023,07:29:21,Birthday
138,C022,57,4,11/03/2023,09:33:56,18/03/2023,06:02:40,Wedding's Day
139,C055,54,1,11/05/2023,04:14:45,16/05/2023,18:12:44,Engagement Day
140,C015,47,4,04/03/2023,06:19:35,13/03/2023,21:29:35,Anniversary's Day
141,C062,35,4,28/02/2023,03:55:06,10/03/2023,02:31:56,Graduation Day
142,C029,23,5,23/10/2023,02:31:13,27/10/2023,04:24:16,Farewells
143,C087,66,1,28/02/2023,07:37:18,10/03/2023,14:49:54,Holiday
144,C090,51,6,18/01/2023,09:01:03,23/01/2023,03:23:15,Special Events
145,C055,59,1,29/08/2023,16:52:56,03/09/2023,13:04:25,Birthday
146,C030,52,1,13/02/2023,18:23:55,16/02/2023,04:07:37,Wedding's Day
147,C080,8,3,17/03/2023,19:28:15,23/03/2023,13:51:11,Engagement Day
148,C046,24,5,05/12/2023,02:09:08,07/12/2023,08:57:38,Anniversary's Day
149,C008,5,5,06/10/2023,23:23:09,09/10/2023,20:09:12,Graduation Day
150,C092,27,4,26/08/2023,07:18:17,29/08/2023,16:56:13,Farewells
151,C051,43,1,03/11/2023,21:42:26,10/11/2023,03:56:02,Holiday
152,C084,51,7,27/02/2023,10:48:51,05/03/2023,16:39:22,Special Events
153,C094,16,6,04/03/2023,12:15:00,10/03/2023,06:04:43,Birthday
154,C049,45,4,21/11/2023,23:14:18,25/11/2023,02:04:59,Wedding's Day
155,C023,23,7,01/05/2023,14:46:58,06/05/2023,00:00:30,Engagement Day
156,C030,61,2,09/02/2023,08:20:50,12/02/2023,10:49:14,Anniversary's Day
157,C019,35,5,26/02/2023,12:44:17,06/03/2023,11:35:44,Graduation Day
158,C007,35,4,03/03/2023,15:40:17,08/03/2023,02:53:01,Farewells
159,C095,43,4,09/11/2023,21:31:39,11/11/2023,04:55:56,Holiday
160,C037,36,5,02/06/2023,00:28:57,10/06/2023,07:52:59,Special Events
161,C054,58,3,13/02/2023,03:08:06,14/02/2023,23:12:01,Birthday
162,C050,55,6,27/08/2023,06:14:31,05/09/2023,15:53:45,Wedding's Day
163,C083,54,5,17/02/2023,19:50:10,25/02/2023,10:20:16,Engagement Day
164,C063,14,2,25/04/2023,02:04:02,27/04/2023,11:49:33,Anniversary's Day
165,C058,40,5,06/08/2023,13:11:16,10/08/2023,08:37:14,Graduation Day
166,C035,4,2,07/11/2023,23:05:28,10/11/2023,06:12:46,Farewells
167,C019,37,2,04/11/2023,01:26:51,07/11/2023,15:16:27,Holiday
168,C092,35,5,04/03/2023,15:36:03,07/03/2023,11:02:42,Special Events
169,C051,3,7,06/02/2023,10:28:57,16/02/2023,01:26:19,Birthday
170,C040,32,1,21/03/2023,11:58:13,27/03/2023,05:14:07,Wedding's Day
171,C071,54,2,30/06/2023,11:47:49,08/07/2023,12:27:06,Engagement Day
172,C070,62,2,03/03/2023,04:40:04,08/03/2023,05:12:47,Anniversary's Day
173,C072,58,2,07/02/2023,23:15:37,13/02/2023,01:51:53,Graduation Day
174,C048,4,5,03/11/2023,15:39:20,13/11/2023,18:06:46,Farewells
175,C042,31,5,13/10/2023,01:17:47,20/10/2023,07:22:52,Holiday
176,C039,17,5,10/03/2023,03:34:46,16/03/2023,17:24:51,Special Events
177,C085,62,6,05/03/2023,01:49:12,07/03/2023,14:50:42,Birthday
178,C097,61,1,14/11/2023,23:04:31,16/11/2023,02:14:23,Wedding's Day
179,C078,47,1,28/02/2023,15:16:02,10/03/2023,14:31:07,Engagement Day
180,C058,55,1,24/08/2023,16:40:33,27/08/2023,08:45:14,Anniversary's Day
181,C064,10,5,28/08/2023,05:55:22,06/09/2023,04:53:28,Graduation Day
182,C070,2,5,08/02/2023,23:21:30,15/02/2023,06:07:33,Farewells
183,C082,48,4,09/11/2023,18:11:41,11/11/2023,15:29:26,Holiday
184,C027,52,3,11/02/2023,21:34:53,20/02/2023,05:00:29,Special Events
185,C068,18,4,07/05/2023,07:10:45,17/05/2023,20:00:43,Birthday
186,C048,61,6,09/05/2023,09:09:44,11/05/2023,00:16:23,Wedding's Day
187,C008,49,7,11/02/2023,21:10:41,16/02/2023,09:34:09,Engagement Day
188,C067,22,5,18/09/2023,01:38:33,25/09/2023,14:02:12,Anniversary's Day
189,C016,57,5,19/11/2023,17:22:19,22/11/2023,13:21:54,Graduation Day
190,C096,60,6,09/11/2023,12:33:49,13/11/2023,13:41:24,Farewells
191,C012,24,7,12/10/2023,18:13:06,17/10/2023,08:50:02,Holiday
192,C060,64,6,20/08/2023,12:28:32,21/08/2023,02:11:18,Special Events
193,C038,42,2,16/08/2023,23:44:29,19/08/2023,02:34:02,Birthday
194,C030,58,7,08/02/2023,11:41:29,09/02/2023,04:54:30,Wedding's Day
195,C037,67,1,10/04/2023,05:33:53,17/04/2023,07:51:40,Engagement Day
196,C063,30,7,05/08/2023,09:37:50,13/08/2023,08:58:06,Anniversary's Day
197,C095,45,6,22/03/2023,18:38:42,26/03/2023,03:30:06,Graduation Day
198,C090,24,3,27/08/2023,22:33:37,04/09/2023,01:09:50,Farewells
199,C093,70,2,16/08/2023,01:54:30,19/08/2023,16:24:59,Holiday
200,C067,23,4,03/01/2023,20:04:16,08/01/2023,23:18:52,Special Events
201,C004,55,1,24/08/2023,04:40:14,30/08/2023,03:52:28,Birthday
202,C089,36,2,27/07/2023,08:13:48,01/08/2023,03:02:01,Wedding's Day
203,C039,9,6,29/08/2023,05:39:00,08/09/2023,22:40:14,Engagement Day
204,C062,10,4,03/07/2023,10:46:43,09/07/2023,06:29:03,Anniversary's Day
205,C022,46,6,06/07/2023,05:17:21,09/07/2023,11:47:12,Graduation Day
206,C099,68,7,11/02/2023,22:12:16,13/02/2023,12:42:01,Farewells
207,C078,6,1,05/03/2023,01:13:16,07/03/2023,12:15:56,Holiday
208,C001,18,5,02/04/2023,04:30:47,12/04/2023,07:06:36,Special Events
209,C071,70,3,22/06/2023,00:44:32,23/06/2023,21:44:32,Birthday
210,C095,32,1,10/12/2023,00:46:32,15/12/2023,08:02:35,Wedding's Day
211,C043,31,7,22/10/2023,18:14:59,29/10/2023,17:40:03,Engagement Day
212,C093,7,1,28/02/2023,07:14:40,05/03/2023,20:01:45,Anniversary's Day
213,C022,42,4,14/02/2023,08:26:18,24/02/2023,08:58:11,Graduation Day
214,C099,13,4,01/03/2023,07:49:55,07/03/2023,08:27:25,Farewells
215,C098,17,4,21/05/2023,03:54:26,24/05/2023,12:37:34,Holiday
216,C004,23,7,03/10/2023,15:46:35,08/10/2023,20:46:28,Special Events
217,C042,53,7,27/08/2023,03:04:34,30/08/2023,16:42:19,Birthday
218,C061,31,6,13/06/2023,22:55:11,16/06/2023,03:06:01,Wedding's Day
219,C027,16,1,05/03/2023,00:36:07,11/03/2023,10:36:05,Engagement Day
220,C001,26,3,06/03/2023,12:26:54,15/03/2023,14:41:52,Anniversary's Day
221,C076,28,5,21/08/2023,02:11:04,30/08/2023,14:00:35,Graduation Day
222,C099,6,3,26/02/2023,05:57:25,07/03/2023,18:20:50,Farewells
223,C051,49,1,05/02/2023,08:44:25,13/02/2023,10:17:59,Holiday
224,C028,34,3,24/08/2023,21:01:58,29/08/2023,02:06:40,Special Events
225,C093,52,7,05/02/2023,12:12:26,06/02/2023,18:01:06,Birthday
226,C064,14,6,08/09/2023,08:48:50,12/09/2023,11:20:36,Wedding's Day
227,C004,24,7,25/12/2023,18:50:42,26/12/2023,14:09:44,Engagement Day
228,C035,36,2,10/03/2023,18:40:52,11/03/2023,10:30:00,Anniversary's Day
229,C079,49,7,11/02/2023,20:55:38,20/02/2023,09:32:50,Graduation Day
230,C053,64,4,27/08/2023,08:27:50,01/09/2023,01:35:49,Farewells
231,C093,64,5,24/08/2023,09:15:18,28/08/2023,21:13:01,Holiday
232,C044,28,3,22/08/2023,12:06:09,23/08/2023,09:00:02,Special Events
233,C098,64,2,26/08/2023,22:15:19,30/08/2023,04:07:39,Birthday
234,C097,42,5,24/03/2023,21:18:12,01/04/2023,00:36:53,Wedding's Day
235,C071,56,7,26/02/2023,14:26:46,03/03/2023,23:26:23,Engagement Day
236,C044,23,3,03/09/2023,06:33:52,11/09/2023,02:10:18,Anniversary's Day
237,C024,55,7,26/08/2023,09:23:53,30/08/2023,08:19:20,Graduation Day
238,C083,26,5,05/03/2023,07:56:43,11/03/2023,20:18:17,Farewells
239,C088,27,7,29/08/2023,08:33:45,06/09/2023,13:23:08,Holiday
240,C074,5,6,25/03/2023,06:03:38,30/03/2023,15:43:28,Special Events
241,C067,20,4,05/09/2023,09:52:16,07/09/2023,08:58:21,Birthday
242,C012,21,1,23/08/2023,10:24:46,31/08/2023,16:02:32,Wedding's Day
243,C043,3,1,05/02/2023,20:50:37,10/02/2023,12:30:54,Engagement Day
244,C041,65,5,20/03/2023,15:06:01,30/03/2023,07:06:40,Anniversary's Day
245,C020,50,1,05/03/2023,06:25:26,11/03/2023,09:30:30,Graduation Day
246,C017,69,3,28/02/2023,23:24:33,08/03/2023,00:38:49,Farewells
247,C052,23,3,11/10/2023,05:58:48,16/10/2023,02:58:46,Holiday
248,C044,19,1,08/02/2023,08:43:41,10/02/2023,04:15:01,Special Events
249,C003,14,2,10/09/2023,22:22:16,19/09/2023,23:17:36,Birthday
250,C086,37,3,08/11/2023,15:07:27,09/11/2023,01:32:06,Wedding's Day
251,C051,7,1,28/02/2023,00:31:48,02/03/2023,00:19:44,Engagement Day
252,C040,69,6,26/02/2023,05:41:28,28/02/2023,08:11:16,Anniversary's Day
253,C010,68,7,12/02/2023,14:24:46,14/02/2023,05:39:27,Graduation Day
254,C093,1,3,07/07/2023,00:09:44,15/07/2023,05:27:49,Farewells
255,C092,45,5,27/12/2023,03:42:35,06/01/2024,09:23:14,Holiday
256,C065,4,4,06/11/2023,19:13:49,14/11/2023,18:05:55,Special Events
257,C077,21,7,22/08/2023,15:42:59,24/08/2023,22:39:39,Birthday
258,C044,46,2,16/04/2023,05:40:39,20/04/2023,20:05:32,Wedding's Day
259,C001,62,4,05/03/2023,15:21:54,10/03/2023,00:04:01,Engagement Day
260,C100,69,2,06/03/2023,13:06:11,16/03/2023,22:22:30,Anniversary's Day
261,C041,37,6,06/11/2023,14:03:50,12/11/2023,20:17:47,Graduation Day
262,C038,49,7,07/02/2023,08:05:16,11/02/2023,01:06:57,Farewells
263,C081,57,2,12/03/2023,09:35:10,13/03/2023,15:22:01,Holiday
264,C010,52,2,09/02/2023,05:35:19,18/02/2023,15:43:46,Special Events
265,C060,58,3,10/02/2023,21:17:18,18/02/2023,06:28:33,Birthday
266,C038,36,2,12/05/2023,13:46:56,13/05/2023,19:20:09,Wedding's Day
267,C055,35,3,04/03/2023,13:38:57,12/03/2023,03:52:00,Engagement Day
268,C053,38,1,14/08/2023,07:45:59,23/08/2023,16:53:30,Anniversary's Day
269,C024,36,7,25/10/2023,01:12:12,26/10/2023,17:58:13,Graduation Day
270,C084,21,2,22/08/2023,20:21:29,01/09/2023,16:03:59,Farewells
271,C039,36,7,23/06/2023,18:27:42,30/06/2023,18:20:05,Holiday
272,C016,12,7,08/04/2023,09:40:05,18/04/2023,20:13:56,Special Events
273,C047,10,6,22/11/2023,16:12:35,24/11/2023,01:52:48,Birthday
274,C078,41,4,02/11/2023,06:37:51,12/11/2023,20:53:36,Wedding's Day
275,C028,29,2,02/03/2023,04:13:47,05/03/2023,01:17:39,Engagement Day
276,C065,15,4,28/05/2023,01:34:06,01/06/2023,07:05:33,Anniversary's Day
277,C062,34,1,23/08/2023,19:16:40,29/08/2023,15:50:18,Graduation Day
278,C044,1,6,20/06/2023,23:33:52,24/06/2023,05:42:44,Farewells
279,C067,23,4,24/11/2023,09:14:46,26/11/2023,17:51:23,Holiday
280,C003,19,2,07/02/2023,17:44:47,12/02/2023,16:31:05,Special Events
281,C008,15,7,21/09/2023,20:36:47,25/09/2023,10:27:14,Birthday
282,C092,41,3,11/11/2023,10:20:49,19/11/2023,22:11:40,Wedding's Day
283,C086,23,6,23/11/2023,02:51:34,30/11/2023,18:21:40,Engagement Day
284,C057,17,1,10/08/2023,16:13:04,16/08/2023,11:21:57,Anniversary's Day
285,C082,7,5,26/02/2023,17:26:44,01/03/2023,12:52:20,Graduation Day
286,C098,50,1,06/03/2023,20:05:40,12/03/2023,02:41:27,Farewells
287,C011,7,7,03/03/2023,04:54:04,06/03/2023,15:39:57,Holiday
288,C035,34,4,21/08/2023,15:58:58,23/08/2023,20:42:36,Special Events
289,C018,30,4,29/08/2023,23:40:01,06/09/2023,02:50:06,Birthday
290,C079,69,4,06/03/2023,10:27:18,10/03/2023,14:33:34,Wedding's Day
291,C072,49,4,10/02/2023,00:12:40,11/02/2023,22:52:51,Engagement Day
292,C053,54,6,27/09/2023,22:43:35,03/10/2023,01:44:47,Anniversary's Day
293,C003,1,5,04/09/2023,04:03:47,09/09/2023,18:10:36,Graduation Day
294,C047,26,3,01/03/2023,21:04:18,03/03/2023,19:44:54,Farewells
295,C079,18,7,29/05/2023,15:54:09,02/06/2023,10:06:42,Holiday
296,C081,70,5,01/04/2023,11:55:14,11/04/2023,19:33:46,Special Events
297,C047,13,3,28/02/2023,20:15:29,05/03/2023,20:52:27,Birthday
298,C057,3,2,11/02/2023,23:06:29,12/02/2023,02:17:43,Wedding's Day
299,C091,8,4,08/11/2023,11:51:21,17/11/2023,13:17:51,Engagement Day
300,C032,22,5,29/08/2023,19:20:05,08/09/2023,18:25:16,Anniversary's Day
301,C070,6,5,27/02/2023,06:24:22,04/03/2023,16:52:16,Graduation Day
302,C071,25,1,24/10/2023,13:53:05,25/10/2023,17:13:25,Farewells
303,C051,14,3,20/11/2023,06:42:57,29/11/2023,07:08:02,Holiday
304,C088,67,4,12/03/2023,09:24:28,19/03/2023,23:09:37,Special Events
305,C003,26,6,02/03/2023,00:10:44,10/03/2023,14:01:05,Birthday
306,C085,49,3,04/02/2023,11:35:51,12/02/2023,06:38:00,Wedding's Day
307,C042,3,5,04/02/2023,21:37:54,08/02/2023,11:28:10,Engagement Day
308,C005,57,7,09/03/2023,07:54:11,12/03/2023,12:11:24,Anniversary's Day
309,C071,60,6,10/11/2023,06:38:43,13/11/2023,05:14:33,Graduation Day
310,C061,38,3,20/08/2023,12:24:22,24/08/2023,15:42:48,Farewells
311,C051,39,1,02/09/2023,09:26:47,12/09/2023,17:51:43,Holiday
312,C044,9,5,22/08/2023,18:27:36,27/08/2023,06:01:14,Special Events
313,C056,30,1,22/07/2023,19:24:29,26/07/2023,06:06:13,Birthday
314,C029,43,3,05/11/2023,11:48:41,15/11/2023,04:55:25,Wedding's Day
315,C063,26,5,06/03/2023,14:21:31,09/03/2023,19:20:21,Engagement Day
316,C048,2,1,11/02/2023,21:35:05,15/02/2023,07:21:50,Anniversary's Day
317,C014,29,2,07/03/2023,18:51:27,15/03/2023,16:12:50,Graduation Day
318,C038,26,5,07/03/2023,12:15:49,11/03/2023,15:59:47,Farewells
319,C044,64,1,20/08/2023,06:23:07,26/08/2023,22:44:23,Holiday
320,C007,13,4,01/03/2023,07:49:55,08/03/2023,08:38:21,Special Events
321,C049,12,1,08/03/2023,11:27:05,17/03/2023,09:51:43,Birthday
322,C056,15,1,11/04/2023,08:32:11,15/04/2023,03:30:27,Wedding's Day
323,C013,23,2,09/02/2023,18:13:04,10/02/2023,10:22:35,Engagement Day
324,C073,14,5,02/02/2023,18:47:28,11/02/2023,15:34:54,Anniversary's Day
325,C091,27,2,25/08/2023,18:30:45,04/09/2023,20:02:37,Graduation Day
326,C088,34,7,27/08/2023,15:39:05,03/09/2023,15:33:32,Farewells
327,C048,51,1,24/09/2023,09:29:05,26/09/2023,20:09:05,Holiday
328,C024,23,2,17/04/2023,17:51:38,22/04/2023,08:59:18,Special Events
329,C095,17,1,26/08/2023,02:22:03,04/09/2023,03:08:52,Birthday
330,C059,59,3,24/08/2023,20:25:09,01/09/2023,12:26:20,Wedding's Day
331,C023,41,2,04/11/2023,21:49:56,05/11/2023,14:13:32,Engagement Day
332,C052,20,1,11/04/2023,20:14:13,18/04/2023,14:10:44,Anniversary's Day
333,C100,22,2,09/02/2023,06:19:15,10/02/2023,03:46:29,Graduation Day
334,C066,53,2,28/08/2023,21:19:46,01/09/2023,22:03:03,Farewells
335,C013,17,3,06/11/2023,02:09:35,08/11/2023,02:23:24,Holiday
336,C069,53,6,20/08/2023,04:32:24,25/08/2023,19:54:17,Special Events
337,C008,24,1,16/05/2023,14:21:12,22/05/2023,20:26:13,Birthday
338,C087,21,2,20/08/2023,14:15:51,28/08/2023,01:34:07,Wedding's Day
339,C083,8,6,20/09/2023,20:07:19,29/09/2023,10:50:19,Engagement Day
340,C076,38,4,14/07/2023,07:53:01,22/07/2023,02:56:01,Anniversary's Day
341,C028,9,3,20/08/2023,14:54:35,30/08/2023,22:32:13,Graduation Day
342,C062,36,2,03/11/2023,04:03:43,08/11/2023,16:26:16,Farewells
343,C006,66,7,06/03/2023,14:12:40,09/03/2023,09:27:05,Holiday
344,C020,28,7,29/08/2023,17:06:22,03/09/2023,06:28:07,Special Events
345,C056,45,6,15/09/2023,15:40:42,23/09/2023,23:11:31,Birthday
346,C090,50,7,04/03/2023,23:24:17,12/03/2023,16:46:34,Wedding's Day
347,C034,34,2,29/08/2023,09:46:21,08/09/2023,08:37:09,Engagement Day
348,C060,30,5,28/11/2023,20:33:37,07/12/2023,12:02:59,Anniversary's Day
349,C017,44,4,11/11/2023,03:32:37,12/11/2023,10:31:13,Graduation Day
350,C020,19,7,13/02/2023,12:22:57,22/02/2023,16:26:10,Farewells
351,C099,1,5,16/01/2023,15:11:07,25/01/2023,22:29:59,Holiday
352,C080,28,4,23/08/2023,23:49:45,02/09/2023,09:14:52,Special Events
353,C089,55,6,21/08/2023,09:43:27,24/08/2023,14:12:14,Birthday
354,C087,13,2,26/02/2023,17:25:28,06/03/2023,09:43:32,Wedding's Day
355,C099,10,3,24/12/2023,04:52:44,02/01/2024,09:38:33,Engagement Day
356,C028,14,5,08/07/2023,00:41:40,09/07/2023,04:31:42,Anniversary's Day
357,C063,62,4,03/03/2023,20:01:18,13/03/2023,20:55:34,Graduation Day
358,C040,55,5,20/08/2023,16:53:29,25/08/2023,13:30:37,Farewells
359,C052,47,1,28/02/2023,12:13:36,05/03/2023,20:31:30,Holiday
360,C099,41,1,06/11/2023,03:11:57,09/11/2023,17:45:31,Special Events
361,C049,47,1,03/03/2023,06:09:56,11/03/2023,08:33:10,Birthday
362,C041,31,6,10/03/2023,03:40:01,17/03/2023,10:35:23,Wedding's Day
363,C022,15,6,27/11/2023,19:01:01,05/12/2023,01:50:36,Engagement Day
364,C003,43,7,08/11/2023,06:09:01,09/11/2023,04:37:33,Anniversary's Day
365,C028,8,5,01/06/2023,15:31:47,04/06/2023,10:15:29,Graduation Day
366,C033,3,5,08/02/2023,23:15:47,16/02/2023,10:51:38,Farewells
367,C010,47,5,03/03/2023,00:44:09,12/03/2023,15:05:03,Holiday
368,C042,6,1,04/03/2023,23:03:22,06/03/2023,02:52:10,Special Events
369,C014,63,4,07/08/2023,07:23:44,15/08/2023,04:28:30,Birthday
370,C073,54,7,09/07/2023,05:57:39,13/07/2023,19:01:40,Wedding's Day
371,C090,23,7,15/05/2023,01:27:58,19/05/2023,10:28:47,Engagement Day
372,C006,25,2,08/11/2023,19:04:25,18/11/2023,18:28:46,Anniversary's Day
373,C026,65,6,07/06/2023,20:49:11,10/06/2023,23:57:40,Graduation Day
374,C087,4,3,07/11/2023,07:47:32,09/11/2023,22:32:44,Farewells
375,C091,46,7,11/02/2023,04:16:25,20/02/2023,19:37:38,Holiday
376,C097,10,4,14/05/2023,20:18:32,19/05/2023,23:48:02,Special Events
377,C013,55,1,26/08/2023,08:34:06,31/08/2023,11:47:09,Birthday
378,C040,6,7,01/03/2023,11:30:20,08/03/2023,19:26:52,Wedding's Day
379,C078,66,7,03/03/2023,23:31:41,06/03/2023,10:44:03,Engagement Day
380,C009,60,6,08/11/2023,13:33:02,15/11/2023,23:40:37,Anniversary's Day
381,C013,25,6,25/01/2023,18:30:03,28/01/2023,06:21:06,Graduation Day
382,C003,24,4,03/06/2023,10:02:19,13/06/2023,21:53:48,Farewells
383,C016,37,7,06/11/2023,00:16:45,08/11/2023,20:09:52,Holiday
384,C004,25,3,11/05/2023,16:57:57,15/05/2023,13:57:13,Special Events
385,C002,50,4,03/03/2023,01:16:01,08/03/2023,10:46:18,Birthday
386,C091,5,4,04/06/2023,12:47:45,14/06/2023,21:34:41,Wedding's Day
387,C061,1,5,30/04/2023,05:38:25,09/05/2023,02:15:58,Engagement Day
388,C066,36,3,10/11/2023,00:15:10,18/11/2023,10:37:06,Anniversary's Day
389,C061,29,6,06/03/2023,03:26:18,16/03/2023,18:13:40,Graduation Day
390,C043,26,4,03/03/2023,15:40:56,10/03/2023,23:02:07,Farewells
391,C083,22,1,29/12/2023,13:44:06,07/01/2024,12:58:41,Holiday
392,C085,4,1,05/11/2023,03:18:55,06/11/2023,18:53:09,Special Events
393,C087,17,7,14/11/2023,11:01:18,22/11/2023,16:10:46,Birthday
394,C028,38,4,23/03/2023,04:26:37,31/03/2023,19:25:58,Wedding's Day
395,C067,26,5,03/03/2023,23:14:54,06/03/2023,18:32:37,Engagement Day
396,C068,10,3,15/03/2023,15:30:58,16/03/2023,01:45:01,Anniversary's Day
397,C034,4,7,09/11/2023,06:48:09,14/11/2023,13:32:34,Graduation Day
398,C080,54,6,05/05/2023,08:45:21,15/05/2023,10:01:43,Farewells
399,C008,68,3,08/02/2023,06:21:47,15/02/2023,07:08:14,Holiday
400,C083,45,2,07/05/2023,14:05:01,15/05/2023,18:10:53,Special Events
401,C089,9,4,29/08/2023,19:53:33,04/09/2023,07:19:07,Birthday
402,C037,29,1,05/03/2023,16:42:29,08/03/2023,13:32:50,Wedding's Day
403,C075,57,4,06/01/2023,11:45:28,16/01/2023,20:13:26,Engagement Day
404,C055,21,3,22/08/2023,07:55:20,24/08/2023,22:27:19,Anniversary's Day
405,C033,49,6,10/02/2023,23:05:14,18/02/2023,14:47:38,Graduation Day
406,C049,55,1,25/08/2023,15:59:17,02/09/2023,06:23:53,Farewells
407,C074,69,7,26/02/2023,08:52:11,28/02/2023,04:09:44,Holiday
408,C063,31,7,05/03/2023,12:19:26,11/03/2023,04:41:38,Special Events
409,C049,50,3,26/02/2023,17:43:59,28/02/2023,19:44:57,Birthday
410,C025,24,3,01/01/2023,20:20:49,02/01/2023,05:57:06,Wedding's Day
411,C006,48,4,05/11/2023,16:31:34,08/11/2023,07:21:26,Engagement Day
412,C081,67,2,28/10/2023,09:28:24,31/10/2023,23:14:27,Anniversary's Day
413,C050,59,1,22/08/2023,05:32:17,30/08/2023,20:21:11,Graduation Day
414,C034,7,5,28/02/2023,21:18:11,07/03/2023,01:07:31,Farewells
415,C065,14,2,08/06/2023,20:08:30,10/06/2023,01:20:56,Holiday
416,C006,58,6,12/02/2023,16:41:02,17/02/2023,09:37:01,Special Events
417,C004,62,4,07/03/2023,22:40:40,11/03/2023,05:56:33,Birthday
418,C069,64,1,24/08/2023,13:17:22,01/09/2023,11:37:10,Wedding's Day
419,C065,47,2,05/03/2023,17:18:51,11/03/2023,13:53:36,Engagement Day
420,C039,6,3,27/02/2023,08:36:20,28/02/2023,00:07:29,Anniversary's Day
421,C066,38,5,08/08/2023,20:16:30,12/08/2023,19:04:00,Graduation Day
422,C044,53,4,20/08/2023,03:03:58,29/08/2023,04:05:39,Farewells
423,C067,19,3,11/02/2023,16:46:58,17/02/2023,00:10:05,Holiday
424,C072,7,6,01/03/2023,03:04:56,09/03/2023,10:27:03,Special Events
425,C071,56,7,30/09/2023,00:02:06,09/10/2023,22:59:28,Birthday
426,C073,2,3,13/02/2023,22:59:54,17/02/2023,13:51:00,Wedding's Day
427,C042,48,7,03/11/2023,07:56:32,13/11/2023,22:46:12,Engagement Day
428,C038,10,6,06/12/2023,03:32:38,12/12/2023,19:37:01,Anniversary's Day
429,C007,9,6,22/08/2023,22:46:57,31/08/2023,12:43:52,Graduation Day
430,C045,27,4,27/08/2023,07:20:30,31/08/2023,10:03:32,Farewells
431,C057,1,5,13/12/2023,19:13:43,19/12/2023,21:02:24,Holiday
432,C092,12,4,05/01/2023,12:09:27,13/01/2023,19:40:38,Special Events
433,C068,7,6,26/02/2023,23:33:51,02/03/2023,04:19:56,Birthday
434,C020,51,4,28/11/2023,07:23:06,29/11/2023,19:43:32,Wedding's Day
435,C017,53,1,22/08/2023,17:27:30,27/08/2023,12:35:14,Engagement Day
436,C058,8,1,27/01/2023,06:08:00,03/02/2023,08:15:49,Anniversary's Day
437,C010,55,3,24/08/2023,06:30:47,27/08/2023,22:56:38,Graduation Day
438,C037,34,4,26/08/2023,09:27:17,27/08/2023,03:18:31,Farewells
439,C037,12,4,13/12/2023,08:56:11,22/12/2023,12:51:06,Holiday
440,C018,13,7,07/03/2023,09:33:31,09/03/2023,01:21:29,Special Events
441,C052,26,4,26/02/2023,11:23:56,06/03/2023,16:38:50,Birthday
442,C023,3,2,08/02/2023,18:03:20,15/02/2023,08:05:39,Wedding's Day
443,C046,49,1,04/02/2023,22:22:19,13/02/2023,02:16:00,Engagement Day
444,C021,60,5,02/11/2023,01:01:13,09/11/2023,09:54:20,Anniversary's Day
445,C047,30,5,14/06/2023,20:08:42,15/06/2023,14:22:27,Graduation Day
446,C079,33,1,12/02/2023,02:54:04,15/02/2023,11:03:28,Farewells
447,C032,47,6,27/02/2023,02:45:34,04/03/2023,15:04:56,Holiday
448,C086,16,6,02/03/2023,02:42:54,03/03/2023,13:42:24,Special Events
449,C045,49,4,13/02/2023,03:18:26,16/02/2023,10:09:41,Birthday
450,C096,39,4,02/12/2023,07:58:05,12/12/2023,10:09:58,Wedding's Day
451,C079,33,2,07/02/2023,00:16:52,13/02/2023,21:10:57,Engagement Day
452,C045,70,6,09/07/2023,19:57:29,17/07/2023,11:42:18,Anniversary's Day
453,C032,27,6,21/08/2023,10:11:39,31/08/2023,12:28:21,Graduation Day
454,C088,3,1,07/02/2023,23:26:49,09/02/2023,01:21:56,Farewells
455,C072,1,3,20/10/2023,22:33:50,25/10/2023,18:04:20,Holiday
456,C071,33,4,12/02/2023,22:51:39,15/02/2023,22:14:06,Special Events
457,C036,22,2,27/05/2023,13:55:39,29/05/2023,16:38:25,Birthday
458,C054,32,7,19/07/2023,17:21:30,24/07/2023,20:32:44,Wedding's Day
459,C093,12,2,29/03/2023,07:24:55,30/03/2023,07:34:31,Engagement Day
460,C007,29,7,04/03/2023,07:58:33,06/03/2023,00:07:26,Anniversary's Day
461,C083,12,1,22/06/2023,08:12:37,27/06/2023,14:52:56,Graduation Day
462,C069,60,1,04/11/2023,18:10:06,13/11/2023,14:20:14,Farewells
463,C078,18,5,24/09/2023,22:23:47,30/09/2023,00:52:03,Holiday
464,C014,18,6,05/07/2023,03:04:25,08/07/2023,13:38:45,Special Events
465,C029,55,1,23/08/2023,23:46:12,26/08/2023,13:29:11,Birthday
466,C053,23,1,03/10/2023,13:58:22,11/10/2023,09:59:41,Wedding's Day
467,C056,53,1,28/08/2023,14:18:44,02/09/2023,15:20:11,Engagement Day
468,C007,5,5,25/07/2023,07:57:26,04/08/2023,01:24:47,Anniversary's Day
469,C051,42,6,15/12/2023,07:06:00,19/12/2023,12:56:49,Graduation Day
470,C031,47,2,28/02/2023,17:34:04,06/03/2023,15:29:29,Farewells
471,C092,23,5,31/01/2023,12:09:01,10/02/2023,05:50:06,Holiday
472,C015,56,1,24/12/2023,07:32:38,30/12/2023,22:46:18,Special Events
473,C061,22,6,28/03/2023,08:13:57,04/04/2023,15:44:18,Birthday
474,C051,1,1,07/02/2023,06:31:59,14/02/2023,02:00:07,Wedding's Day
475,C099,46,4,04/12/2023,07:21:23,08/12/2023,13:32:22,Engagement Day
476,C067,40,1,18/09/2023,01:17:18,20/09/2023,17:53:14,Anniversary's Day
477,C099,33,2,12/02/2023,17:18:09,14/02/2023,03:11:52,Graduation Day
478,C003,11,2,08/02/2023,01:11:21,09/02/2023,09:50:19,Farewells
479,C071,11,1,07/02/2023,17:48:21,11/02/2023,10:48:13,Holiday
480,C059,62,6,06/03/2023,04:29:31,16/03/2023,22:19:33,Special Events
481,C044,12,3,21/08/2023,00:00:53,25/08/2023,18:36:25,Birthday
482,C050,23,4,05/06/2023,20:33:38,14/06/2023,20:56:35,Wedding's Day
483,C007,59,7,28/08/2023,06:25:03,31/08/2023,05:06:02,Engagement Day
484,C034,1,4,26/05/2023,19:03:55,03/06/2023,19:32:17,Anniversary's Day
485,C029,43,2,06/11/2023,19:20:24,14/11/2023,19:27:14,Graduation Day
486,C030,24,5,25/07/2023,14:34:30,30/07/2023,16:58:35,Farewells
487,C053,51,5,05/01/2023,16:46:57,09/01/2023,04:28:18,Holiday
488,C025,21,1,28/08/2023,22:13:30,29/08/2023,05:26:49,Special Events
489,C072,10,3,28/08/2023,22:26:56,02/09/2023,04:30:46,Birthday
490,C075,2,2,12/02/2023,12:28:03,14/02/2023,12:27:19,Wedding's Day
491,C095,30,4,24/10/2023,06:14:34,02/11/2023,22:59:20,Engagement Day
492,C047,33,7,04/02/2023,13:54:25,13/02/2023,12:04:33,Anniversary's Day
493,C035,11,3,05/02/2023,22:11:24,06/02/2023,15:43:11,Graduation Day
494,C082,7,3,28/02/2023,03:11:22,08/03/2023,19:06:48,Farewells
495,C007,20,7,28/08/2023,17:42:29,29/08/2023,22:51:31,Holiday
496,C021,11,1,09/02/2023,14:31:57,16/02/2023,13:05:41,Special Events
497,C081,64,5,29/08/2023,20:14:01,01/09/2023,04:42:56,Birthday
498,C100,19,6,13/02/2023,21:34:44,20/02/2023,21:14:24,Wedding's Day
499,C031,59,1,27/08/2023,12:09:20,02/09/2023,10:03:32,Engagement Day
500,C013,61,4,29/06/2023,10:07:52,05/07/2023,12:14:25,Anniversary's Day
501,C066,46,3,02/09/2023,16:27:41,08/09/2023,07:33:36,Graduation Day
502,C099,22,7,24/06/2023,05:33:20,30/06/2023,00:55:44,Farewells
503,C020,34,5,29/08/2023,20:45:45,06/09/2023,07:49:54,Holiday
504,C058,25,7,14/07/2023,13:04:42,24/07/2023,05:20:36,Special Events
505,C028,45,3,02/06/2023,13:19:25,05/06/2023,01:59:32,Birthday
506,C058,55,2,27/08/2023,08:52:04,02/09/2023,11:43:24,Wedding's Day
507,C028,13,4,07/03/2023,00:28:11,13/03/2023,20:11:36,Engagement Day
508,C035,69,5,26/02/2023,17:29:28,04/03/2023,07:11:06,Anniversary's Day
509,C003,13,1,05/03/2023,12:48:55,09/03/2023,07:47:16,Graduation Day
510,C017,54,1,08/12/2023,13:00:05,17/12/2023,06:14:47,Farewells
511,C055,47,3,27/02/2023,12:58:05,04/03/2023,00:46:11,Holiday
512,C008,41,6,05/11/2023,02:42:41,11/11/2023,13:10:40,Special Events
513,C088,1,7,27/03/2023,09:57:32,02/04/2023,13:56:41,Birthday
514,C090,24,7,01/01/2023,09:56:10,09/01/2023,17:56:52,Wedding's Day
515,C078,14,7,21/10/2023,23:22:39,27/10/2023,14:59:49,Engagement Day
516,C020,22,1,05/07/2023,20:52:56,06/07/2023,01:06:20,Anniversary's Day
517,C064,60,2,09/11/2023,01:01:13,17/11/2023,19:04:55,Graduation Day
518,C045,45,5,09/04/2023,04:46:41,15/04/2023,19:40:46,Farewells
519,C014,52,7,07/02/2023,23:10:38,15/02/2023,06:40:20,Holiday
520,C026,14,3,07/04/2023,04:43:51,08/04/2023,08:21:40,Special Events
521,C062,33,5,04/02/2023,21:00:17,08/02/2023,02:28:38,Birthday
522,C011,50,1,27/02/2023,21:04:28,08/03/2023,01:34:50,Wedding's Day
523,C071,30,1,02/07/2023,13:37:08,09/07/2023,15:38:36,Engagement Day
524,C084,45,4,15/08/2023,13:54:54,22/08/2023,12:29:47,Anniversary's Day
525,C033,16,4,02/03/2023,20:06:08,11/03/2023,22:22:35,Graduation Day
526,C008,13,6,02/03/2023,06:06:20,08/03/2023,01:35:05,Farewells
527,C036,33,5,11/02/2023,12:51:40,19/02/2023,15:58:07,Holiday
528,C001,27,3,27/08/2023,05:01:16,30/08/2023,17:03:43,Special Events
529,C013,64,7,25/08/2023,15:47:28,28/08/2023,14:05:18,Birthday
530,C008,5,3,19/08/2023,10:45:21,27/08/2023,00:23:56,Wedding's Day
531,C029,28,6,29/08/2023,13:32:08,07/09/2023,08:43:11,Engagement Day
532,C036,30,7,02/09/2023,13:25:06,10/09/2023,02:55:07,Anniversary's Day
533,C006,14,7,18/04/2023,07:19:52,20/04/2023,17:43:45,Graduation Day
534,C061,31,1,27/11/2023,03:40:16,04/12/2023,11:22:37,Farewells
535,C017,25,7,08/07/2023,21:59:28,11/07/2023,06:30:40,Holiday
536,C048,59,7,25/08/2023,15:14:52,30/08/2023,11:13:10,Special Events
537,C064,42,5,17/10/2023,06:19:24,25/10/2023,03:09:08,Birthday
538,C097,24,7,18/05/2023,13:09:06,19/05/2023,22:36:16,Wedding's Day
539,C056,20,7,09/06/2023,15:39:18,16/06/2023,14:17:05,Engagement Day
540,C082,22,7,06/09/2023,19:07:35,09/09/2023,01:26:00,Anniversary's Day
541,C007,24,6,13/11/2023,05:51:09,16/11/2023,22:56:34,Graduation Day
542,C051,54,2,07/07/2023,19:41:20,12/07/2023,09:52:12,Farewells
543,C023,51,5,12/02/2023,21:51:10,17/02/2023,11:53:09,Holiday
544,C030,29,1,01/03/2023,02:31:54,11/03/2023,09:33:52,Special Events
545,C083,9,4,20/08/2023,01:54:52,26/08/2023,08:07:19,Birthday
546,C064,25,1,02/02/2023,22:04:53,11/02/2023,10:00:07,Wedding's Day
547,C088,30,5,10/01/2023,02:30:12,19/01/2023,13:56:41,Engagement Day
548,C012,25,1,21/02/2023,12:32:50,22/02/2023,19:47:44,Anniversary's Day
549,C021,64,6,22/08/2023,19:29:43,01/09/2023,02:29:10,Graduation Day
550,C023,29,5,27/02/2023,19:28:12,05/03/2023,17:03:39,Farewells
551,C088,67,6,19/04/2023,20:43:42,23/04/2023,15:25:04,Holiday
552,C064,31,3,10/05/2023,18:59:31,11/05/2023,17:09:07,Special Events
553,C084,39,3,22/08/2023,01:22:41,26/08/2023,07:43:27,Birthday
554,C045,29,5,28/02/2023,20:25:07,03/03/2023,16:49:01,Wedding's Day
555,C100,56,7,28/06/2023,12:05:43,30/06/2023,17:58:12,Engagement Day
556,C073,17,3,13/12/2023,15:34:22,21/12/2023,15:49:48,Anniversary's Day
557,C039,47,3,01/03/2023,03:00:42,08/03/2023,02:10:39,Graduation Day
558,C091,64,4,22/08/2023,00:42:58,25/08/2023,00:24:52,Farewells
559,C084,45,1,19/12/2023,16:37:11,26/12/2023,18:35:43,Holiday
560,C019,39,2,04/08/2023,12:52:20,09/08/2023,09:50:53,Special Events
561,C099,49,1,12/02/2023,12:24:35,21/02/2023,17:23:34,Birthday
562,C066,24,1,09/08/2023,09:18:20,16/08/2023,01:34:07,Wedding's Day
563,C077,58,7,11/02/2023,11:43:18,19/02/2023,05:04:29,Engagement Day
564,C007,40,7,07/04/2023,00:40:20,15/04/2023,06:06:57,Anniversary's Day
565,C011,50,5,06/03/2023,17:28:16,14/03/2023,13:12:47,Graduation Day
566,C054,42,6,12/05/2023,12:48:03,14/05/2023,20:36:32,Farewells
567,C090,66,5,06/03/2023,06:11:59,15/03/2023,18:57:04,Holiday
568,C056,10,3,29/06/2023,20:55:39,08/07/2023,13:16:14,Special Events
569,C027,53,1,28/08/2023,14:00:43,04/09/2023,17:56:22,Birthday
570,C056,69,2,28/02/2023,11:25:04,09/03/2023,00:53:55,Wedding's Day
571,C046,6,5,28/02/2023,09:38:25,09/03/2023,04:26:01,Engagement Day
572,C060,25,1,04/06/2023,15:48:37,10/06/2023,10:11:48,Anniversary's Day
573,C040,3,6,08/02/2023,02:52:06,14/02/2023,02:57:06,Graduation Day
574,C064,29,7,02/03/2023,23:57:06,06/03/2023,21:45:12,Farewells
575,C076,49,2,06/02/2023,13:24:32,09/02/2023,14:55:08,Holiday
576,C074,53,4,20/08/2023,07:04:37,26/08/2023,08:01:59,Special Events
577,C008,20,5,28/10/2023,14:51:26,05/11/2023,18:50:45,Birthday
578,C008,18,5,31/07/2023,18:27:40,06/08/2023,16:43:25,Wedding's Day
579,C092,29,5,07/03/2023,21:38:40,14/03/2023,10:45:06,Engagement Day
580,C093,24,5,16/06/2023,22:03:12,20/06/2023,12:25:42,Anniversary's Day
581,C082,18,5,02/07/2023,02:08:23,11/07/2023,14:56:59,Graduation Day
582,C019,3,7,04/02/2023,18:30:31,05/02/2023,19:16:41,Farewells
583,C025,56,2,18/09/2023,16:47:25,22/09/2023,19:58:33,Holiday
584,C089,34,7,23/08/2023,07:39:30,27/08/2023,16:10:28,Special Events
585,C013,63,6,26/04/2023,18:32:41,01/05/2023,01:52:06,Birthday
586,C068,64,2,27/08/2023,21:04:38,04/09/2023,16:30:39,Wedding's Day
587,C018,43,4,02/11/2023,00:51:24,03/11/2023,10:41:06,Engagement Day
588,C056,49,3,04/02/2023,06:37:00,05/02/2023,21:21:57,Anniversary's Day
589,C093,40,3,09/12/2023,21:23:17,19/12/2023,01:21:34,Graduation Day
590,C006,23,2,19/01/2023,21:36:21,23/01/2023,05:53:50,Farewells
591,C002,31,1,06/07/2023,12:56:00,14/07/2023,00:00:51,Holiday
592,C007,47,6,07/03/2023,03:27:03,11/03/2023,21:41:23,Special Events
593,C016,58,4,05/02/2023,17:30:40,12/02/2023,09:34:03,Birthday
594,C060,20,4,26/05/2023,21:26:03,01/06/2023,04:59:28,Wedding's Day
595,C022,51,3,08/11/2023,13:49:19,15/11/2023,04:06:31,Engagement Day
596,C046,50,4,05/03/2023,14:57:41,14/03/2023,17:58:44,Anniversary's Day
597,C074,16,7,01/03/2023,01:05:53,06/03/2023,02:49:44,Graduation Day
598,C054,37,7,11/11/2023,02:51:23,18/11/2023,21:53:27,Farewells
599,C004,34,3,21/08/2023,19:32:24,24/08/2023,12:13:52,Holiday
600,C095,47,3,07/03/2023,21:24:39,09/03/2023,15:17:19,Special Events
601,C030,1,1,14/03/2023,02:37:47,18/03/2023,03:37:12,Birthday
602,C042,43,3,02/11/2023,10:17:25,11/11/2023,06:02:00,Wedding's Day
603,C079,8,5,29/05/2023,05:23:57,07/06/2023,15:14:45,Engagement Day
604,C069,39,7,31/01/2023,19:54:56,03/02/2023,21:24:38,Anniversary's Day
605,C068,45,2,21/12/2023,22:21:06,25/12/2023,20:49:33,Graduation Day
606,C047,3,6,08/02/2023,02:13:13,17/02/2023,07:31:32,Farewells
607,C028,50,4,03/03/2023,01:50:25,05/03/2023,09:52:56,Holiday
608,C030,55,5,28/08/2023,20:30:15,01/09/2023,07:14:20,Special Events
609,C024,25,5,27/10/2023,11:08:56,28/10/2023,23:46:55,Birthday
610,C068,5,5,03/01/2023,17:25:41,05/01/2023,00:11:36,Wedding's Day
611,C056,28,2,22/08/2023,21:17:50,28/08/2023,03:27:30,Engagement Day
612,C075,26,1,02/03/2023,10:22:25,08/03/2023,12:39:50,Anniversary's Day
613,C063,4,5,10/11/2023,17:54:34,14/11/2023,19:18:27,Graduation Day
614,C089,26,5,03/03/2023,15:36:13,07/03/2023,18:51:41,Farewells
615,C020,28,7,25/08/2023,21:11:09,01/09/2023,06:10:16,Holiday
616,C006,44,4,08/11/2023,23:57:57,12/11/2023,19:20:59,Special Events
617,C083,22,4,19/02/2023,02:53:42,28/02/2023,17:01:34,Birthday
618,C073,60,4,05/11/2023,16:09:13,15/11/2023,17:21:36,Wedding's Day
619,C091,35,5,06/03/2023,07:18:46,16/03/2023,03:17:33,Engagement Day
620,C074,67,4,11/07/2023,22:23:01,18/07/2023,01:24:50,Anniversary's Day
621,C070,64,5,20/08/2023,07:17:03,28/08/2023,01:32:49,Graduation Day
622,C084,4,3,08/11/2023,14:13:32,09/11/2023,15:59:02,Farewells
623,C045,37,7,08/11/2023,13:37:50,18/11/2023,14:25:39,Holiday
624,C024,53,3,29/08/2023,09:19:59,01/09/2023,08:29:54,Special Events
625,C089,63,2,23/02/2023,21:15:42,04/03/2023,02:46:06,Birthday
626,C024,40,1,23/09/2023,15:12:58,27/09/2023,08:14:22,Wedding's Day
627,C024,51,5,05/02/2023,04:30:25,08/02/2023,23:38:12,Engagement Day
628,C061,11,3,10/02/2023,21:50:27,13/02/2023,21:07:46,Anniversary's Day
629,C032,28,6,27/08/2023,09:09:01,04/09/2023,15:31:23,Graduation Day
630,C071,67,5,21/02/2023,21:37:47,01/03/2023,18:53:08,Farewells
631,C044,32,7,13/04/2023,21:41:50,17/04/2023,03:45:03,Holiday
632,C075,51,7,11/07/2023,22:35:01,12/07/2023,11:32:50,Special Events
633,C031,52,4,10/02/2023,14:44:42,15/02/2023,05:12:46,Birthday
634,C038,57,6,07/05/2023,06:36:16,11/05/2023,13:43:49,Wedding's Day
635,C095,67,2,12/11/2023,18:37:11,22/11/2023,07:23:32,Engagement Day
636,C067,53,6,25/08/2023,07:18:26,02/09/2023,03:33:45,Anniversary's Day
637,C056,51,4,12/03/2023,19:29:26,20/03/2023,22:34:14,Graduation Day
638,C060,39,7,23/04/2023,02:13:33,27/04/2023,02:51:20,Farewells
639,C098,24,6,26/05/2023,02:36:31,31/05/2023,03:18:25,Holiday
640,C089,59,1,23/08/2023,06:16:51,31/08/2023,19:07:21,Special Events
641,C063,15,3,18/05/2023,23:59:56,26/05/2023,19:14:55,Birthday
642,C021,44,3,02/11/2023,05:26:04,07/11/2023,00:29:51,Wedding's Day
643,C063,35,6,26/02/2023,13:10:24,06/03/2023,20:24:10,Engagement Day
644,C050,67,3,01/09/2023,14:54:36,11/09/2023,11:21:18,Anniversary's Day
645,C033,50,4,27/02/2023,01:46:39,28/02/2023,02:07:11,Graduation Day
646,C015,38,7,13/05/2023,16:30:10,23/05/2023,09:16:58,Farewells
647,C069,21,3,25/08/2023,17:00:25,26/08/2023,01:29:04,Holiday
648,C040,41,5,05/11/2023,19:06:16,09/11/2023,08:25:00,Special Events
649,C053,43,5,02/11/2023,03:05:41,11/11/2023,08:55:15,Birthday
650,C077,32,4,23/02/2023,01:54:43,02/03/2023,03:09:36,Wedding's Day
651,C017,11,5,13/02/2023,02:16:28,19/02/2023,11:55:54,Engagement Day
652,C032,21,3,28/08/2023,19:41:09,03/09/2023,00:01:31,Anniversary's Day
653,C076,17,2,29/11/2023,13:38:07,01/12/2023,05:52:11,Graduation Day
654,C019,64,5,29/08/2023,04:53:15,02/09/2023,00:41:13,Farewells
655,C015,17,1,08/11/2023,21:19:04,17/11/2023,18:57:37,Holiday
656,C032,68,7,05/02/2023,18:34:41,06/02/2023,04:46:00,Special Events
657,C055,13,7,03/03/2023,09:37:53,08/03/2023,14:48:35,Birthday
658,C061,21,5,22/08/2023,20:54:56,31/08/2023,08:54:06,Wedding's Day
659,C048,19,4,05/02/2023,17:44:56,12/02/2023,22:37:43,Engagement Day
660,C053,58,2,11/02/2023,06:08:46,21/02/2023,20:48:35,Anniversary's Day
661,C018,22,4,14/01/2023,23:51:27,19/01/2023,09:50:46,Graduation Day
662,C068,20,2,09/02/2023,18:29:52,18/02/2023,08:27:53,Farewells
663,C094,15,2,11/10/2023,14:47:08,12/10/2023,22:32:05,Holiday
664,C023,24,7,18/01/2023,11:54:34,28/01/2023,20:22:08,Special Events
665,C060,62,4,05/03/2023,14:23:22,15/03/2023,15:54:03,Birthday
666,C032,26,2,02/03/2023,09:41:06,08/03/2023,19:28:15,Wedding's Day
667,C052,44,4,04/11/2023,08:26:58,07/11/2023,10:30:59,Engagement Day
668,C009,55,4,21/08/2023,10:09:53,30/08/2023,16:32:49,Anniversary's Day
669,C035,68,2,10/02/2023,07:11:50,17/02/2023,09:56:42,Graduation Day
670,C057,23,6,01/06/2023,05:47:59,10/06/2023,05:09:00,Farewells
671,C059,31,7,03/12/2023,06:54:18,07/12/2023,23:16:19,Holiday
672,C049,44,5,07/11/2023,14:06:15,09/11/2023,06:46:37,Special Events
673,C008,33,7,04/02/2023,05:54:49,07/02/2023,04:25:38,Birthday
674,C065,68,5,07/02/2023,09:41:25,16/02/2023,23:40:25,Wedding's Day
675,C052,13,7,28/02/2023,08:04:46,09/03/2023,23:52:12,Engagement Day
676,C038,46,4,18/02/2023,12:42:24,20/02/2023,20:52:32,Anniversary's Day
677,C045,37,5,04/11/2023,07:54:01,14/11/2023,05:32:35,Graduation Day
678,C020,31,1,10/09/2023,14:23:59,20/09/2023,10:13:07,Farewells
679,C019,56,5,05/10/2023,17:29:19,14/10/2023,12:58:06,Holiday
680,C018,56,1,02/12/2023,22:20:31,08/12/2023,02:33:10,Special Events
681,C098,23,1,29/01/2023,10:08:06,05/02/2023,12:01:28,Birthday
682,C054,50,3,26/02/2023,07:31:16,05/03/2023,11:32:33,Wedding's Day
683,C024,27,1,23/08/2023,21:26:58,30/08/2023,19:25:08,Engagement Day
684,C029,70,4,17/09/2023,01:33:50,25/09/2023,02:44:39,Anniversary's Day
685,C054,22,7,01/09/2023,21:04:40,11/09/2023,08:30:45,Graduation Day
686,C026,50,1,01/03/2023,16:29:38,11/03/2023,21:37:59,Farewells
687,C098,8,7,15/03/2023,17:57:15,19/03/2023,04:50:54,Holiday
688,C015,54,6,28/01/2023,19:02:07,30/01/2023,13:51:22,Special Events
689,C046,66,7,02/03/2023,05:52:42,07/03/2023,11:00:27,Birthday
690,C083,48,2,02/11/2023,21:13:25,05/11/2023,21:32:48,Wedding's Day
691,C002,48,6,06/11/2023,05:22:43,10/11/2023,11:08:26,Engagement Day
692,C035,15,6,11/08/2023,07:04:55,18/08/2023,06:44:37,Anniversary's Day
693,C041,4,6,04/11/2023,23:48:55,07/11/2023,05:31:27,Graduation Day
694,C018,23,5,15/04/2023,19:26:27,21/04/2023,16:58:51,Farewells
695,C046,23,5,05/03/2023,16:36:52,14/03/2023,17:01:44,Holiday
696,C046,13,1,07/03/2023,02:42:21,14/03/2023,15:08:45,Special Events
697,C026,66,5,03/03/2023,14:20:25,07/03/2023,15:14:20,Birthday
698,C060,64,6,29/08/2023,20:44:11,06/09/2023,15:00:13,Wedding's Day
699,C011,1,2,02/06/2023,12:14:44,09/06/2023,23:09:03,Engagement Day
700,C006,6,1,04/03/2023,18:17:57,09/03/2023,13:43:07,Anniversary's Day
701,C080,41,2,07/11/2023,10:57:34,11/11/2023,04:56:26,Graduation Day
702,C067,60,4,10/11/2023,08:44:24,18/11/2023,06:26:10,Farewells
703,C070,53,5,23/08/2023,16:19:39,01/09/2023,06:12:05,Holiday
704,C061,55,3,29/08/2023,02:27:10,30/08/2023,13:36:34,Special Events
705,C004,7,1,05/03/2023,18:18:01,14/03/2023,17:57:09,Birthday
706,C091,67,1,26/04/2023,05:35:11,04/05/2023,13:13:10,Wedding's Day
707,C036,70,1,03/02/2023,06:17:26,12/02/2023,01:04:19,Engagement Day
708,C002,62,1,03/03/2023,10:59:15,12/03/2023,05:05:35,Anniversary's Day
709,C016,53,7,29/08/2023,04:38:05,07/09/2023,17:29:15,Graduation Day
710,C087,54,4,22/05/2023,01:33:03,29/05/2023,01:43:52,Farewells
711,C093,68,7,04/02/2023,17:15:28,06/02/2023,14:50:53,Holiday
712,C057,65,7,11/07/2023,13:00:12,13/07/2023,06:34:57,Special Events
713,C081,37,6,08/11/2023,23:24:22,15/11/2023,22:51:21,Birthday
714,C053,63,7,01/06/2023,19:28:09,03/06/2023,07:54:01,Wedding's Day
715,C069,38,1,14/04/2023,05:16:43,21/04/2023,16:39:31,Engagement Day
716,C076,40,1,19/08/2023,23:18:12,26/08/2023,01:39:58,Anniversary's Day
717,C059,67,5,25/06/2023,06:18:32,26/06/2023,23:20:48,Graduation Day
718,C028,49,5,09/02/2023,05:13:35,13/02/2023,06:22:05,Farewells
719,C092,57,5,12/07/2023,07:44:51,19/07/2023,01:51:24,Holiday
720,C045,22,7,15/12/2023,14:42:41,20/12/2023,06:07:08,Special Events
721,C022,3,5,07/02/2023,03:28:21,17/02/2023,18:28:02,Birthday
722,C044,13,7,02/03/2023,17:30:25,08/03/2023,08:06:58,Wedding's Day
723,C045,14,3,04/02/2023,18:00:57,05/02/2023,00:57:28,Engagement Day
724,C059,51,7,08/04/2023,23:02:18,16/04/2023,08:00:19,Anniversary's Day
725,C035,35,5,06/03/2023,23:23:18,11/03/2023,20:03:47,Graduation Day
726,C044,34,7,21/08/2023,19:10:31,31/08/2023,18:54:28,Farewells
727,C061,12,1,18/11/2023,01:37:03,22/11/2023,16:22:32,Holiday
728,C073,52,3,08/02/2023,13:45:46,11/02/2023,16:07:16,Special Events
729,C030,17,4,23/02/2023,18:19:53,25/02/2023,11:51:19,Birthday
730,C097,59,3,22/08/2023,02:04:03,25/08/2023,22:39:30,Wedding's Day
731,C083,59,7,25/08/2023,12:01:20,02/09/2023,11:02:31,Engagement Day
732,C087,1,6,16/10/2023,16:47:12,21/10/2023,18:56:15,Anniversary's Day
733,C060,32,5,01/04/2023,00:51:37,03/04/2023,02:26:43,Graduation Day
734,C008,49,1,11/02/2023,11:44:37,14/02/2023,09:06:06,Farewells
735,C037,56,1,02/02/2023,07:22:26,04/02/2023,05:57:58,Holiday
736,C008,70,6,02/05/2023,03:47:04,11/05/2023,04:38:44,Special Events
737,C068,46,4,14/09/2023,07:35:50,17/09/2023,13:37:05,Birthday
738,C098,16,4,03/03/2023,16:23:38,09/03/2023,01:36:32,Wedding's Day
739,C094,24,7,30/01/2023,09:43:50,03/02/2023,10:33:33,Engagement Day
740,C004,56,1,07/11/2023,16:11:58,12/11/2023,10:07:51,Anniversary's Day
741,C072,53,5,23/08/2023,12:47:09,01/09/2023,21:37:19,Graduation Day
742,C089,53,1,24/08/2023,19:50:07,26/08/2023,15:58:06,Farewells
743,C045,4,4,09/11/2023,13:28:07,13/11/2023,01:16:24,Holiday
744,C023,45,2,13/10/2023,17:53:21,14/10/2023,08:02:05,Special Events
745,C052,44,4,07/11/2023,09:12:26,09/11/2023,00:30:04,Birthday
746,C051,35,7,02/03/2023,05:23:29,06/03/2023,06:24:41,Wedding's Day
747,C009,6,3,06/03/2023,03:43:24,11/03/2023,16:38:35,Engagement Day
748,C079,26,4,06/03/2023,11:13:52,07/03/2023,20:26:40,Anniversary's Day
749,C099,12,3,19/06/2023,13:13:17,24/06/2023,03:37:13,Graduation Day
750,C022,19,1,08/02/2023,09:22:41,14/02/2023,22:24:42,Farewells
751,C084,23,1,10/04/2023,07:12:34,15/04/2023,01:52:34,Holiday
752,C034,3,3,10/02/2023,11:38:01,12/02/2023,10:35:58,Special Events
753,C045,60,1,06/11/2023,06:55:38,12/11/2023,04:49:01,Birthday
754,C083,51,1,01/11/2023,20:40:33,08/11/2023,22:13:13,Wedding's Day
755,C037,6,5,27/02/2023,16:33:26,06/03/2023,02:16:52,Engagement Day
756,C034,51,2,29/07/2023,18:25:27,03/08/2023,09:56:02,Anniversary's Day
757,C001,2,2,12/02/2023,10:23:53,20/02/2023,04:40:28,Graduation Day
758,C043,40,3,16/10/2023,09:12:26,20/10/2023,03:46:58,Farewells
759,C084,48,7,02/11/2023,06:12:14,11/11/2023,06:06:56,Holiday
760,C043,18,3,19/09/2023,02:28:05,21/09/2023,13:29:38,Special Events
761,C008,24,5,18/04/2023,03:25:13,25/04/2023,11:53:46,Birthday
762,C064,50,4,26/02/2023,10:11:19,01/03/2023,03:56:20,Wedding's Day
763,C070,29,6,02/03/2023,15:22:09,04/03/2023,04:30:07,Engagement Day
764,C039,65,4,01/08/2023,19:59:36,05/08/2023,09:24:36,Anniversary's Day
765,C055,41,4,03/11/2023,02:37:40,06/11/2023,03:52:27,Graduation Day
766,C077,1,1,02/07/2023,16:28:53,07/07/2023,00:19:44,Farewells
767,C077,13,1,03/03/2023,02:21:13,04/03/2023,00:14:53,Holiday
768,C087,1,5,11/11/2023,18:37:41,16/11/2023,12:19:42,Special Events
769,C029,28,7,25/08/2023,09:37:39,02/09/2023,20:10:20,Birthday
770,C080,25,4,29/05/2023,00:20:57,07/06/2023,09:39:12,Wedding's Day
771,C056,9,6,26/08/2023,17:00:07,01/09/2023,10:54:16,Engagement Day
772,C085,35,5,01/03/2023,05:03:06,04/03/2023,08:20:05,Anniversary's Day
773,C031,39,5,07/01/2023,02:11:24,13/01/2023,23:47:54,Graduation Day
774,C051,65,1,17/06/2023,21:28:21,27/06/2023,03:01:20,Farewells
775,C077,45,5,19/02/2023,03:48:10,24/02/2023,23:31:47,Holiday
776,C051,43,3,09/11/2023,07:28:54,12/11/2023,21:39:04,Special Events
777,C016,70,3,24/02/2023,15:33:57,27/02/2023,11:29:39,Birthday
778,C033,61,4,10/05/2023,03:58:40,13/05/2023,11:57:17,Wedding's Day
779,C052,3,7,06/02/2023,06:26:37,08/02/2023,02:51:51,Engagement Day
780,C070,33,6,10/02/2023,11:30:51,13/02/2023,04:28:25,Anniversary's Day
781,C084,40,2,27/09/2023,15:26:58,05/10/2023,19:39:28,Graduation Day
782,C087,22,7,18/04/2023,05:41:20,26/04/2023,19:25:29,Farewells
783,C024,55,2,28/08/2023,04:31:27,29/08/2023,05:10:51,Holiday
784,C042,56,3,02/06/2023,08:25:52,07/06/2023,06:16:19,Special Events
785,C052,47,2,26/02/2023,17:41:34,01/03/2023,13:09:23,Birthday
786,C003,47,7,05/03/2023,22:47:05,07/03/2023,07:16:53,Wedding's Day
787,C069,9,5,25/08/2023,21:42:12,27/08/2023,14:10:59,Engagement Day
788,C099,53,1,24/08/2023,04:58:58,27/08/2023,08:56:52,Anniversary's Day
789,C048,58,3,08/02/2023,18:19:36,15/02/2023,08:00:31,Graduation Day
790,C046,26,6,28/02/2023,06:03:29,08/03/2023,04:20:38,Farewells
791,C093,51,2,06/05/2023,02:29:51,09/05/2023,06:53:48,Holiday
792,C015,43,3,09/11/2023,07:00:56,10/11/2023,05:14:12,Special Events
793,C095,58,2,05/02/2023,17:37:16,15/02/2023,01:28:17,Birthday
794,C079,13,5,04/03/2023,17:11:58,09/03/2023,14:51:06,Wedding's Day
795,C070,7,4,03/03/2023,17:58:36,07/03/2023,22:17:46,Engagement Day
796,C002,61,7,05/05/2023,07:53:26,14/05/2023,08:08:25,Anniversary's Day
797,C047,13,2,03/03/2023,20:57:50,10/03/2023,04:29:03,Graduation Day
798,C043,30,1,17/12/2023,17:35:18,26/12/2023,01:52:09,Farewells
799,C084,32,3,22/10/2023,01:50:09,01/11/2023,20:22:26,Holiday
800,C014,24,5,17/06/2023,21:50:22,21/06/2023,07:12:59,Special Events
801,C058,35,3,07/03/2023,19:15:48,15/03/2023,06:35:12,Birthday
802,C097,45,2,23/03/2023,12:37:23,26/03/2023,06:19:00,Wedding's Day
803,C040,26,6,03/03/2023,12:03:48,10/03/2023,02:50:05,Engagement Day
804,C009,3,2,05/02/2023,05:37:18,07/02/2023,01:58:08,Anniversary's Day
805,C028,24,6,11/06/2023,14:39:08,14/06/2023,18:07:19,Graduation Day
806,C088,29,7,28/02/2023,13:01:22,08/03/2023,06:38:58,Farewells
807,C006,40,7,29/11/2023,16:20:19,09/12/2023,03:09:57,Holiday
808,C002,9,1,29/08/2023,15:36:39,30/08/2023,10:11:21,Special Events
809,C062,35,7,07/03/2023,19:50:47,17/03/2023,01:51:34,Birthday
810,C059,24,4,15/12/2023,05:57:14,17/12/2023,12:05:52,Wedding's Day
811,C020,14,5,18/10/2023,12:04:11,25/10/2023,21:55:52,Engagement Day
812,C058,40,6,12/12/2023,17:19:49,14/12/2023,01:28:32,Anniversary's Day
813,C094,32,4,19/01/2023,08:53:43,23/01/2023,22:01:01,Graduation Day
814,C094,47,3,05/03/2023,01:59:20,14/03/2023,04:41:16,Farewells
815,C098,61,7,29/09/2023,07:08:13,08/10/2023,14:46:18,Holiday
816,C042,35,3,28/02/2023,19:44:25,10/03/2023,13:41:37,Special Events
817,C066,21,7,28/08/2023,05:37:00,01/09/2023,22:05:03,Birthday
818,C004,8,4,02/03/2023,07:51:06,09/03/2023,09:07:41,Wedding's Day
819,C052,55,6,22/08/2023,13:05:23,24/08/2023,01:32:28,Engagement Day
820,C033,64,2,22/08/2023,05:51:43,26/08/2023,04:52:23,Anniversary's Day
821,C050,32,6,27/02/2023,20:15:31,07/03/2023,22:46:00,Graduation Day
822,C075,41,3,09/11/2023,03:23:06,12/11/2023,04:15:17,Farewells
823,C087,64,4,27/08/2023,15:23:25,01/09/2023,14:52:40,Holiday
824,C097,46,2,06/05/2023,07:56:11,07/05/2023,15:23:52,Special Events
825,C044,25,7,30/06/2023,10:50:24,01/07/2023,18:08:04,Birthday
826,C077,16,1,02/03/2023,20:02:07,08/03/2023,06:16:18,Wedding's Day
827,C086,9,7,29/08/2023,22:10:46,30/08/2023,00:51:55,Engagement Day
828,C044,8,4,24/10/2023,16:47:01,01/11/2023,22:18:58,Anniversary's Day
829,C020,42,3,19/12/2023,18:35:41,26/12/2023,10:18:04,Graduation Day
830,C007,46,3,12/01/2023,19:18:53,15/01/2023,05:04:21,Farewells
831,C079,56,6,24/05/2023,18:41:33,03/06/2023,19:06:17,Holiday
832,C026,65,2,01/02/2023,18:56:24,10/02/2023,02:19:29,Special Events
833,C002,26,1,05/03/2023,00:40:48,13/03/2023,01:40:17,Birthday
834,C029,60,7,03/11/2023,18:35:20,12/11/2023,14:01:49,Wedding's Day
835,C089,32,7,05/07/2023,17:35:53,06/07/2023,23:34:11,Engagement Day
836,C020,44,6,08/11/2023,02:36:05,11/11/2023,03:11:27,Anniversary's Day
837,C036,14,2,19/12/2023,12:57:12,21/12/2023,00:00:36,Graduation Day
838,C003,19,7,09/02/2023,10:18:01,17/02/2023,06:09:40,Farewells
839,C072,51,2,02/11/2023,03:51:23,12/11/2023,01:49:51,Holiday
840,C031,67,4,13/01/2023,19:19:35,16/01/2023,11:50:30,Special Events
841,C041,26,4,07/03/2023,06:16:00,12/03/2023,23:16:39,Birthday
842,C085,46,6,29/12/2023,17:11:33,01/01/2024,02:27:46,Wedding's Day
843,C007,68,1,11/02/2023,21:46:03,12/02/2023,19:27:09,Engagement Day
844,C067,51,1,09/10/2023,19:12:55,10/10/2023,09:48:27,Anniversary's Day
845,C032,57,5,17/10/2023,18:51:16,25/10/2023,02:55:03,Graduation Day
846,C069,15,7,28/11/2023,02:47:39,02/12/2023,06:56:03,Farewells
847,C009,44,6,07/11/2023,18:10:17,12/11/2023,10:21:36,Holiday
848,C005,6,2,06/03/2023,16:52:57,10/03/2023,22:26:48,Special Events
849,C013,57,3,12/03/2023,01:16:48,14/03/2023,00:50:03,Birthday
850,C092,21,4,23/08/2023,23:15:17,25/08/2023,10:31:01,Wedding's Day
851,C030,13,2,06/03/2023,11:31:57,10/03/2023,18:17:54,Engagement Day
852,C035,44,4,11/11/2023,09:41:46,14/11/2023,14:15:30,Anniversary's Day
853,C050,51,6,17/09/2023,21:14:53,23/09/2023,14:27:28,Graduation Day
854,C016,62,2,27/02/2023,02:00:33,02/03/2023,02:51:29,Farewells
855,C033,57,5,07/08/2023,23:50:11,17/08/2023,20:15:43,Holiday
856,C077,21,1,27/08/2023,17:40:11,02/09/2023,16:16:50,Special Events
857,C053,63,6,09/02/2023,09:22:18,18/02/2023,14:00:44,Birthday
858,C046,44,2,08/11/2023,01:51:48,09/11/2023,16:01:24,Wedding's Day
859,C047,43,4,10/11/2023,07:06:21,15/11/2023,01:46:27,Engagement Day
860,C064,14,6,10/01/2023,19:29:59,13/01/2023,13:30:30,Anniversary's Day
861,C030,32,4,09/02/2023,08:19:31,14/02/2023,02:37:34,Graduation Day
862,C049,6,2,07/03/2023,05:51:14,15/03/2023,08:23:47,Farewells
863,C099,20,4,05/06/2023,09:28:04,15/06/2023,03:13:05,Holiday
864,C033,11,5,11/02/2023,19:34:22,15/02/2023,08:05:38,Special Events
865,C032,19,3,12/02/2023,18:09:14,13/02/2023,06:38:00,Birthday
866,C021,15,7,10/08/2023,20:06:37,11/08/2023,08:02:41,Wedding's Day
867,C014,48,2,02/11/2023,12:22:06,04/11/2023,05:08:47,Engagement Day
868,C099,32,6,22/08/2023,01:01:17,30/08/2023,10:09:12,Anniversary's Day
869,C032,3,2,06/02/2023,10:03:19,11/02/2023,23:16:28,Graduation Day
870,C018,43,4,05/11/2023,15:13:46,07/11/2023,06:49:39,Farewells
871,C062,15,1,11/06/2023,06:05:30,15/06/2023,20:56:56,Holiday
872,C094,13,1,05/03/2023,20:27:57,10/03/2023,01:32:23,Special Events
873,C027,64,1,26/08/2023,10:57:00,05/09/2023,15:45:27,Birthday
874,C010,68,2,11/02/2023,12:42:30,21/02/2023,17:35:44,Wedding's Day
875,C011,13,7,05/03/2023,21:22:31,14/03/2023,19:57:46,Engagement Day
876,C016,4,6,06/11/2023,09:38:36,14/11/2023,20:47:44,Anniversary's Day
877,C041,46,2,09/03/2023,23:16:16,18/03/2023,12:27:24,Graduation Day
878,C057,4,6,10/11/2023,16:36:59,19/11/2023,16:45:34,Farewells
879,C092,33,6,07/02/2023,05:34:34,10/02/2023,11:27:38,Holiday
880,C044,34,4,29/08/2023,22:14:26,31/08/2023,04:54:50,Special Events
881,C015,28,4,21/08/2023,15:17:42,28/08/2023,12:59:45,Birthday
882,C089,64,3,29/08/2023,05:32:40,08/09/2023,16:14:53,Wedding's Day
883,C041,36,1,16/07/2023,19:44:04,17/07/2023,21:03:02,Engagement Day
884,C091,10,4,18/03/2023,22:15:44,27/03/2023,18:59:55,Anniversary's Day
885,C084,42,7,17/10/2023,19:52:58,21/10/2023,18:46:10,Graduation Day
886,C045,53,2,21/08/2023,08:23:02,25/08/2023,19:52:35,Farewells
887,C091,51,1,29/06/2023,17:20:29,30/06/2023,09:55:50,Holiday
888,C014,69,3,06/03/2023,11:34:43,11/03/2023,15:14:09,Special Events
889,C050,36,1,16/08/2023,23:06:44,18/08/2023,10:05:02,Birthday
890,C064,45,6,23/03/2023,23:25:20,27/03/2023,11:38:15,Wedding's Day
891,C027,58,7,08/02/2023,14:56:43,16/02/2023,23:54:45,Engagement Day
892,C025,11,1,06/02/2023,18:33:04,07/02/2023,01:26:54,Anniversary's Day
893,C010,63,4,28/03/2023,15:40:42,07/04/2023,14:49:23,Graduation Day
894,C092,54,6,14/10/2023,14:05:43,21/10/2023,23:10:21,Farewells
895,C066,45,2,28/03/2023,18:45:56,06/04/2023,02:53:40,Holiday
896,C053,46,7,05/04/2023,04:13:55,10/04/2023,12:50:15,Special Events
897,C031,34,2,25/08/2023,07:53:21,01/09/2023,14:02:50,Birthday
898,C018,52,4,09/02/2023,06:18:52,13/02/2023,23:13:42,Wedding's Day
899,C011,63,5,17/12/2023,21:29:55,24/12/2023,00:16:41,Engagement Day
900,C027,57,4,07/04/2023,15:09:00,15/04/2023,08:30:53,Anniversary's Day
901,C043,27,6,22/08/2023,07:55:38,27/08/2023,01:32:30,Graduation Day
902,C025,32,7,22/03/2023,13:29:55,24/03/2023,12:24:01,Farewells
903,C066,63,6,15/09/2023,17:42:23,22/09/2023,19:28:38,Holiday
904,C013,2,5,12/02/2023,22:05:48,17/02/2023,01:05:37,Special Events
905,C080,58,5,10/02/2023,19:31:35,16/02/2023,08:32:14,Birthday
906,C100,49,7,06/02/2023,01:16:20,16/02/2023,09:14:48,Wedding's Day
907,C046,30,3,19/04/2023,21:36:41,25/04/2023,11:12:03,Engagement Day
908,C090,28,7,22/08/2023,15:51:25,24/08/2023,22:50:08,Anniversary's Day
909,C084,42,3,04/11/2023,07:43:51,08/11/2023,22:25:25,Graduation Day
910,C066,55,1,26/08/2023,02:03:23,04/09/2023,17:03:10,Farewells
911,C071,22,4,23/01/2023,05:18:52,28/01/2023,01:35:19,Holiday
912,C062,9,3,29/08/2023,03:09:59,06/09/2023,11:36:14,Special Events
913,C092,56,1,10/12/2023,18:39:24,12/12/2023,05:37:07,Birthday
914,C048,33,7,09/02/2023,14:52:18,14/02/2023,09:47:20,Wedding's Day
915,C014,35,6,06/03/2023,21:12:40,14/03/2023,05:32:37,Engagement Day
916,C063,33,5,06/02/2023,04:23:09,14/02/2023,21:19:24,Anniversary's Day
917,C052,12,4,24/01/2023,05:56:54,29/01/2023,11:04:23,Graduation Day
918,C083,19,6,12/02/2023,18:13:06,21/02/2023,22:02:06,Farewells
919,C038,35,2,28/02/2023,08:27:53,04/03/2023,00:05:29,Holiday
920,C026,45,3,29/06/2023,20:23:05,08/07/2023,23:41:37,Special Events
921,C078,23,5,18/09/2023,13:52:40,23/09/2023,07:22:26,Birthday
922,C009,23,7,14/12/2023,09:16:24,18/12/2023,08:03:37,Wedding's Day
923,C034,7,3,27/02/2023,14:37:32,28/02/2023,22:01:37,Engagement Day
924,C013,17,1,25/03/2023,09:47:09,04/04/2023,22:56:05,Anniversary's Day
925,C012,31,2,08/01/2023,00:55:51,12/01/2023,06:39:07,Graduation Day
926,C049,40,2,28/03/2023,23:01:58,31/03/2023,23:51:25,Farewells
927,C100,43,3,03/11/2023,06:38:15,11/11/2023,05:00:17,Holiday
928,C012,23,2,19/11/2023,11:06:24,27/11/2023,10:16:12,Special Events
929,C085,23,2,19/03/2023,07:00:52,26/03/2023,13:02:32,Birthday
930,C083,61,1,03/06/2023,15:52:31,07/06/2023,19:41:15,Wedding's Day
931,C053,14,4,17/04/2023,19:48:12,19/04/2023,10:25:35,Engagement Day
932,C038,63,6,29/10/2023,16:32:30,02/11/2023,22:17:11,Anniversary's Day
933,C038,51,7,14/11/2023,12:17:01,23/11/2023,02:50:02,Graduation Day
934,C022,27,7,22/08/2023,00:41:04,23/08/2023,08:38:52,Farewells
935,C046,27,6,20/08/2023,09:38:15,29/08/2023,17:18:37,Holiday
936,C045,43,5,02/11/2023,21:26:31,08/11/2023,10:03:32,Special Events
937,C097,51,4,11/03/2023,03:57:43,15/03/2023,19:27:13,Birthday
938,C005,59,4,29/08/2023,18:12:49,08/09/2023,01:17:33,Wedding's Day
939,C084,9,7,20/08/2023,20:55:05,21/08/2023,04:36:14,Engagement Day
940,C082,57,2,11/01/2023,23:38:25,12/01/2023,04:04:53,Anniversary's Day
941,C058,18,5,19/05/2023,09:16:07,22/05/2023,10:28:01,Graduation Day
942,C024,51,4,23/12/2023,04:59:43,26/12/2023,15:56:22,Farewells
943,C026,22,2,19/02/2023,14:27:09,22/02/2023,19:05:59,Holiday
944,C024,67,7,17/11/2023,20:34:33,21/11/2023,16:40:40,Special Events
945,C038,18,2,30/07/2023,12:00:02,06/08/2023,12:44:49,Birthday
946,C050,17,6,02/12/2023,11:07:29,09/12/2023,17:43:17,Wedding's Day
947,C100,38,3,06/10/2023,19:16:19,08/10/2023,23:24:47,Engagement Day
948,C061,26,6,04/03/2023,18:21:51,07/03/2023,13:11:26,Anniversary's Day
949,C020,6,7,27/02/2023,20:55:01,06/03/2023,09:35:17,Graduation Day
950,C014,39,6,16/10/2023,19:31:00,18/10/2023,21:09:20,Farewells
951,C024,20,1,23/11/2023,15:34:09,25/11/2023,19:03:34,Holiday
952,C027,49,7,12/02/2023,02:48:07,22/02/2023,09:19:09,Special Events
953,C076,40,1,03/09/2023,00:26:01,04/09/2023,07:33:50,Birthday
954,C063,44,2,02/11/2023,04:01:43,03/11/2023,18:21:01,Wedding's Day
955,C015,24,3,03/06/2023,00:30:48,07/06/2023,09:07:26,Engagement Day
956,C037,34,5,29/08/2023,04:52:24,03/09/2023,14:53:28,Anniversary's Day
957,C038,23,5,15/12/2023,01:56:38,17/12/2023,21:07:55,Graduation Day
958,C009,16,4,07/03/2023,14:02:57,14/03/2023,22:04:41,Farewells
959,C098,40,3,21/12/2023,01:54:46,26/12/2023,21:05:45,Holiday
960,C032,48,7,05/11/2023,05:25:49,08/11/2023,09:56:17,Special Events
961,C016,1,7,01/02/2023,06:49:28,10/02/2023,20:54:38,Birthday
962,C028,17,1,29/09/2023,11:55:53,01/10/2023,16:15:08,Wedding's Day
963,C025,29,3,03/03/2023,08:44:19,06/03/2023,10:36:46,Engagement Day
964,C098,32,3,19/10/2023,06:39:41,23/10/2023,22:22:39,Anniversary's Day
965,C080,62,5,02/03/2023,03:15:10,06/03/2023,17:20:22,Graduation Day
966,C061,13,1,01/03/2023,02:21:06,10/03/2023,10:22:53,Farewells
967,C041,68,6,12/02/2023,00:21:23,20/02/2023,18:29:48,Holiday
968,C002,9,5,25/08/2023,23:55:22,01/09/2023,20:24:11,Special Events
969,C004,42,4,30/08/2023,22:56:34,03/09/2023,03:22:59,Birthday
970,C020,54,3,13/04/2023,03:26:33,21/04/2023,21:37:17,Wedding's Day
971,C027,47,5,02/03/2023,04:02:13,10/03/2023,19:17:36,Engagement Day
972,C026,30,2,30/04/2023,01:34:34,02/05/2023,05:27:14,Anniversary's Day
973,C031,66,2,26/02/2023,10:35:55,07/03/2023,03:46:24,Graduation Day
974,C014,17,2,04/11/2023,19:16:59,07/11/2023,16:11:27,Farewells
975,C077,62,4,04/03/2023,00:26:32,12/03/2023,08:03:42,Holiday
976,C017,17,4,19/05/2023,07:11:09,20/05/2023,08:38:28,Special Events
977,C005,47,5,05/03/2023,12:33:31,07/03/2023,23:39:44,Birthday
978,C019,29,3,28/02/2023,08:59:15,09/03/2023,06:31:07,Wedding's Day
979,C030,9,6,28/08/2023,18:43:04,31/08/2023,20:12:58,Engagement Day
980,C067,12,4,21/09/2023,20:35:26,30/09/2023,00:43:39,Anniversary's Day
981,C014,46,7,02/04/2023,20:01:08,03/04/2023,20:21:37,Graduation Day
982,C019,47,6,28/02/2023,18:56:23,04/03/2023,03:11:23,Farewells
983,C094,70,3,25/03/2023,09:39:44,01/04/2023,06:38:43,Holiday
984,C058,65,4,03/08/2023,22:31:02,07/08/2023,16:39:11,Special Events
985,C070,31,5,05/10/2023,11:27:20,13/10/2023,16:53:35,Birthday
986,C086,1,1,03/11/2023,16:41:54,05/11/2023,22:43:28,Wedding's Day
987,C018,65,4,20/12/2023,09:13:17,25/12/2023,04:10:09,Engagement Day
988,C020,4,5,10/11/2023,09:47:17,15/11/2023,10:29:19,Anniversary's Day
989,C017,52,4,06/02/2023,08:11:27,15/02/2023,02:00:04,Graduation Day
990,C021,42,3,04/12/2023,22:20:00,08/12/2023,23:57:55,Farewells
991,C054,36,4,09/02/2023,15:01:12,15/02/2023,17:16:56,Holiday
992,C091,43,1,02/11/2023,14:09:04,03/11/2023,19:32:39,Special Events
993,C082,61,1,08/10/2023,21:34:06,14/10/2023,15:55:58,Birthday
994,C004,68,7,13/02/2023,22:44:36,21/02/2023,06:45:30,Wedding's Day
995,C089,57,4,20/07/2023,00:40:38,27/07/2023,11:42:03,Engagement Day
996,C077,25,7,13/05/2023,06:55:09,19/05/2023,05:41:20,Anniversary's Day
997,C098,19,2,04/02/2023,04:28:27,10/02/2023,11:50:24,Graduation Day
998,C046,44,3,06/11/2023,16:17:11,14/11/2023,04:33:25,Farewells
999,C054,52,6,06/02/2023,22:40:49,10/02/2023,12:29:21,Holiday
1000,C012,27,7,25/08/2023,01:22:43,31/08/2023,06:57:59,Special Events
1001,C093,24,5,16/06/2023,22:03:12,20/06/2023,12:25:42,Anniversary's Day
1002,C082,18,5,02/07/2023,02:08:23,11/07/2023,14:56:59,Graduation Day
1003,C019,3,7,04/02/2023,18:30:31,05/02/2023,19:16:41,Farewells
1004,C025,56,2,18/09/2023,16:47:25,22/09/2023,19:58:33,Holiday
1005,C089,34,7,23/08/2023,07:39:30,27/08/2023,16:10:28,Special Events
1006,C013,63,6,26/04/2023,18:32:41,01/05/2023,01:52:06,Birthday
1007,C068,64,2,27/08/2023,21:04:38,04/09/2023,16:30:39,Wedding's Day
1008,C018,43,4,02/11/2023,00:51:24,03/11/2023,10:41:06,Engagement Day
1009,C056,49,3,04/02/2023,06:37:00,05/02/2023,21:21:57,Anniversary's Day
1010,C093,40,3,09/12/2023,21:23:17,19/12/2023,01:21:34,Graduation Day
1011,C006,23,2,19/01/2023,21:36:21,23/01/2023,05:53:50,Farewells
1012,C002,31,1,06/07/2023,12:56:00,14/07/2023,00:00:51,Holiday
1013,C007,47,6,07/03/2023,03:27:03,11/03/2023,21:41:23,Special Events
1014,C016,58,4,05/02/2023,17:30:40,12/02/2023,09:34:03,Birthday
1015,C060,20,4,26/05/2023,21:26:03,01/06/2023,04:59:28,Wedding's Day
1016,C022,51,3,08/11/2023,13:49:19,15/11/2023,04:06:31,Engagement Day
1017,C046,50,4,05/03/2023,14:57:41,14/03/2023,17:58:44,Anniversary's Day
1018,C074,16,7,01/03/2023,01:05:53,06/03/2023,02:49:44,Graduation Day
1019,C054,37,7,11/11/2023,02:51:23,18/11/2023,21:53:27,Farewells
1020,C004,34,3,21/08/2023,19:32:24,24/08/2023,12:13:52,Holiday
1021,C095,47,3,07/03/2023,21:24:39,09/03/2023,15:17:19,Special Events
1022,C030,1,1,14/03/2023,02:37:47,18/03/2023,03:37:12,Birthday
1023,C042,43,3,02/11/2023,10:17:25,11/11/2023,06:02:00,Wedding's Day
1024,C079,8,5,29/05/2023,05:23:57,07/06/2023,15:14:45,Engagement Day
1025,C069,39,7,31/01/2023,19:54:56,03/02/2023,21:24:38,Anniversary's Day
1026,C068,45,2,21/12/2023,22:21:06,25/12/2023,20:49:33,Graduation Day
1027,C047,3,6,08/02/2023,02:13:13,17/02/2023,07:31:32,Farewells
1028,C028,50,4,03/03/2023,01:50:25,05/03/2023,09:52:56,Holiday
1029,C030,55,5,28/08/2023,20:30:15,01/09/2023,07:14:20,Special Events
1030,C024,25,5,27/10/2023,11:08:56,28/10/2023,23:46:55,Birthday
1031,C068,5,5,03/01/2023,17:25:41,05/01/2023,00:11:36,Wedding's Day
1032,C056,28,2,22/08/2023,21:17:50,28/08/2023,03:27:30,Engagement Day
1033,C075,26,1,02/03/2023,10:22:25,08/03/2023,12:39:50,Anniversary's Day
1034,C063,4,5,10/11/2023,17:54:34,14/11/2023,19:18:27,Graduation Day
1035,C089,26,5,03/03/2023,15:36:13,07/03/2023,18:51:41,Farewells
1036,C020,28,7,25/08/2023,21:11:09,01/09/2023,06:10:16,Holiday
1037,C006,44,4,08/11/2023,23:57:57,12/11/2023,19:20:59,Special Events
1038,C083,22,4,19/02/2023,02:53:42,28/02/2023,17:01:34,Birthday
1039,C073,60,4,05/11/2023,16:09:13,15/11/2023,17:21:36,Wedding's Day
1040,C091,35,5,06/03/2023,07:18:46,16/03/2023,03:17:33,Engagement Day
1041,C074,67,4,11/07/2023,22:23:01,18/07/2023,01:24:50,Anniversary's Day
1042,C070,64,5,20/08/2023,07:17:03,28/08/2023,01:32:49,Graduation Day
1043,C084,4,3,08/11/2023,14:13:32,09/11/2023,15:59:02,Farewells
1044,C045,37,7,08/11/2023,13:37:50,18/11/2023,14:25:39,Holiday
1045,C024,53,3,29/08/2023,09:19:59,01/09/2023,08:29:54,Special Events
1046,C089,63,2,23/02/2023,21:15:42,04/03/2023,02:46:06,Birthday
1047,C024,40,1,23/09/2023,15:12:58,27/09/2023,08:14:22,Wedding's Day
1048,C024,51,5,05/02/2023,04:30:25,08/02/2023,23:38:12,Engagement Day
1049,C061,11,3,10/02/2023,21:50:27,13/02/2023,21:07:46,Anniversary's Day
1050,C032,28,6,27/08/2023,09:09:01,04/09/2023,15:31:23,Graduation Day
1051,C071,67,5,21/02/2023,21:37:47,01/03/2023,18:53:08,Farewells
1052,C044,32,7,13/04/2023,21:41:50,17/04/2023,03:45:03,Holiday
1053,C075,51,7,11/07/2023,22:35:01,12/07/2023,11:32:50,Special Events
1054,C031,52,4,10/02/2023,14:44:42,15/02/2023,05:12:46,Birthday
1055,C038,57,6,07/05/2023,06:36:16,11/05/2023,13:43:49,Wedding's Day
1056,C095,67,2,12/11/2023,18:37:11,22/11/2023,07:23:32,Engagement Day
1057,C067,53,6,25/08/2023,07:18:26,02/09/2023,03:33:45,Anniversary's Day
1058,C056,51,4,12/03/2023,19:29:26,20/03/2023,22:34:14,Graduation Day
1059,C060,39,7,23/04/2023,02:13:33,27/04/2023,02:51:20,Farewells
1060,C098,24,6,26/05/2023,02:36:31,31/05/2023,03:18:25,Holiday
1061,C089,59,1,23/08/2023,06:16:51,31/08/2023,19:07:21,Special Events
1062,C063,15,3,18/05/2023,23:59:56,26/05/2023,19:14:55,Birthday
1063,C021,44,3,02/11/2023,05:26:04,07/11/2023,00:29:51,Wedding's Day
1064,C037,67,5,24/02/2023,23:48:13,05/03/2023,07:27:10,Birthday
1065,C019,41,4,07/11/2023,23:30:18,13/11/2023,07:16:17,Wedding's Day
1066,C029,67,7,14/07/2023,19:12:03,19/07/2023,17:39:00,Engagement Day
1067,C012,14,6,10/07/2023,04:44:29,19/07/2023,06:33:23,Anniversary's Day
1068,C078,58,1,11/02/2023,19:44:48,18/02/2023,11:08:52,Graduation Day
1069,C040,28,5,20/08/2023,22:11:35,26/08/2023,19:06:46,Farewells
1070,C009,45,5,08/05/2023,01:45:13,13/05/2023,10:07:17,Holiday
1071,C097,43,3,08/11/2023,19:20:02,14/11/2023,08:44:45,Special Events
1072,C044,27,5,20/08/2023,23:39:51,29/08/2023,23:59:54,Birthday
1073,C099,56,7,26/02/2023,00:17:26,08/03/2023,20:47:43,Wedding's Day
1074,C065,16,1,02/03/2023,20:14:55,03/03/2023,23:19:47,Engagement Day
1075,C097,38,3,12/07/2023,08:28:56,20/07/2023,23:34:57,Anniversary's Day
1076,C024,20,2,24/02/2023,16:47:16,04/03/2023,02:27:37,Graduation Day
1077,C042,60,7,08/11/2023,03:46:06,15/11/2023,12:08:02,Farewells
1078,C069,21,1,26/08/2023,02:52:39,30/08/2023,13:26:45,Holiday
1079,C013,20,4,16/02/2023,15:06:11,20/02/2023,22:14:21,Special Events
1080,C056,60,4,04/11/2023,11:31:33,13/11/2023,18:40:13,Birthday
1081,C072,23,5,10/12/2023,10:46:15,11/12/2023,00:20:29,Wedding's Day
1082,C072,62,6,07/03/2023,07:59:48,08/03/2023,03:04:34,Engagement Day
1083,C011,52,5,11/02/2023,14:36:57,14/02/2023,01:34:16,Anniversary's Day
1084,C090,32,3,09/02/2023,11:20:52,12/02/2023,11:36:26,Graduation Day
1085,C054,43,3,09/11/2023,01:05:28,14/11/2023,09:49:47,Farewells
1086,C041,12,2,05/05/2023,05:28:33,06/05/2023,12:12:24,Holiday
1087,C018,42,2,25/07/2023,05:10:42,03/08/2023,07:57:35,Special Events
1088,C091,30,5,21/07/2023,10:46:57,24/07/2023,14:28:42,Birthday
1089,C040,6,3,06/03/2023,05:03:06,12/03/2023,06:06:11,Wedding's Day
1090,C063,9,4,22/08/2023,11:16:28,30/08/2023,07:59:12,Engagement Day
1091,C088,42,2,05/05/2023,03:25:25,10/05/2023,07:55:04,Anniversary's Day
1092,C064,10,3,22/09/2023,01:06:22,01/10/2023,14:29:16,Graduation Day
1093,C044,23,7,13/01/2023,09:23:33,15/01/2023,13:36:58,Farewells
1094,C029,7,2,28/02/2023,13:13:22,03/03/2023,23:35:49,Holiday
1095,C065,7,6,04/03/2023,15:36:41,05/03/2023,15:54:10,Special Events
1096,C047,8,4,15/04/2023,01:37:27,25/04/2023,02:13:27,Birthday
1097,C071,17,1,01/10/2023,22:58:15,05/10/2023,05:36:46,Wedding's Day
1098,C055,7,1,02/03/2023,16:10:26,05/03/2023,15:00:40,Engagement Day
1099,C029,66,2,04/03/2023,10:28:53,14/03/2023,08:14:49,Anniversary's Day
1100,C096,19,2,10/02/2023,11:01:04,15/02/2023,21:19:36,Graduation Day
1101,C067,37,3,11/11/2023,12:30:28,14/11/2023,12:24:51,Farewells
1102,C054,43,1,02/11/2023,19:25:58,04/11/2023,13:28:42,Holiday
1103,C066,48,3,02/11/2023,14:15:10,05/11/2023,04:29:54,Special Events
1104,C047,54,3,08/06/2023,19:19:50,10/06/2023,14:29:42,Birthday
1105,C080,35,4,26/02/2023,00:08:38,07/03/2023,17:18:28,Wedding's Day
1106,C046,49,2,12/02/2023,22:31:16,16/02/2023,02:47:47,Engagement Day
1107,C006,14,3,17/07/2023,21:57:56,27/07/2023,10:48:09,Anniversary's Day
1108,C097,61,2,28/04/2023,14:26:26,29/04/2023,06:16:36,Graduation Day
1109,C059,22,4,18/04/2023,03:21:11,23/04/2023,08:02:45,Farewells
1110,C013,7,1,26/02/2023,13:04:28,28/02/2023,06:00:20,Holiday
1111,C031,65,3,12/11/2023,20:00:30,16/11/2023,05:31:42,Special Events
1112,C020,43,3,11/11/2023,17:44:30,18/11/2023,13:49:52,Birthday
1113,C014,41,4,09/11/2023,06:56:33,16/11/2023,10:19:22,Wedding's Day
1114,C036,10,1,15/03/2023,09:23:49,19/03/2023,16:46:40,Engagement Day
1115,C023,9,5,29/08/2023,19:55:22,07/09/2023,04:22:02,Anniversary's Day
1116,C045,9,2,20/08/2023,08:25:45,27/08/2023,05:59:31,Graduation Day
1117,C059,30,3,13/04/2023,09:55:01,23/04/2023,14:30:59,Farewells
1118,C040,5,6,08/02/2023,08:01:07,13/02/2023,07:42:58,Holiday
1119,C095,58,2,08/02/2023,12:11:48,13/02/2023,18:51:59,Special Events
1120,C090,35,1,26/02/2023,08:00:15,06/03/2023,12:27:32,Birthday
1121,C077,36,3,06/01/2023,02:51:30,15/01/2023,08:26:18,Wedding's Day
1122,C041,51,2,26/06/2023,03:56:15,28/06/2023,20:10:04,Engagement Day
1123,C023,5,4,13/12/2023,06:46:45,15/12/2023,13:03:56,Anniversary's Day
1124,C058,44,6,08/11/2023,22:26:25,10/11/2023,08:08:31,Graduation Day
1125,C074,6,1,02/03/2023,15:30:51,06/03/2023,23:51:40,Farewells
1126,C056,42,5,25/06/2023,06:22:38,26/06/2023,15:40:04,Holiday
1127,C015,25,5,12/06/2023,02:48:39,15/06/2023,22:05:41,Special Events
1128,C033,54,6,01/09/2023,13:02:28,11/09/2023,06:33:52,Birthday
1129,C017,35,5,26/02/2023,21:00:44,27/02/2023,06:25:58,Wedding's Day
1130,C047,10,6,06/07/2023,17:28:21,14/07/2023,21:11:01,Engagement Day
1131,C050,34,2,25/08/2023,22:43:58,31/08/2023,21:31:14,Anniversary's Day
1132,C091,12,2,02/09/2023,19:21:41,08/09/2023,09:30:02,Graduation Day
1133,C037,17,7,28/09/2023,04:21:09,03/10/2023,11:44:33,Farewells
1134,C013,9,6,20/08/2023,16:32:06,28/08/2023,13:31:32,Holiday
1135,C058,26,5,03/03/2023,15:49:26,12/03/2023,17:34:10,Special Events
1136,C057,26,5,03/03/2023,12:52:36,11/03/2023,01:28:36,Birthday
1137,C024,31,2,01/01/2023,20:55:22,07/01/2023,09:02:03,Wedding's Day
1138,C009,65,6,06/04/2023,11:10:24,09/04/2023,23:00:34,Engagement Day
1139,C014,24,5,17/06/2023,21:50:22,21/06/2023,07:12:59,Special Events
1140,C058,35,3,07/03/2023,19:15:48,15/03/2023,06:35:12,Birthday
1141,C097,45,2,23/03/2023,12:37:23,26/03/2023,06:19:00,Wedding's Day
1142,C040,26,6,03/03/2023,12:03:48,10/03/2023,02:50:05,Engagement Day
1143,C009,3,2,05/02/2023,05:37:18,07/02/2023,01:58:08,Anniversary's Day
1144,C028,24,6,11/06/2023,14:39:08,14/06/2023,18:07:19,Graduation Day
1145,C088,29,7,28/02/2023,13:01:22,08/03/2023,06:38:58,Farewells
1146,C006,40,7,29/11/2023,16:20:19,09/12/2023,03:09:57,Holiday
1147,C002,9,1,29/08/2023,15:36:39,30/08/2023,10:11:21,Special Events
1148,C062,35,7,07/03/2023,19:50:47,17/03/2023,01:51:34,Birthday
1149,C059,24,4,15/12/2023,05:57:14,17/12/2023,12:05:52,Wedding's Day
1150,C020,14,5,18/10/2023,12:04:11,25/10/2023,21:55:52,Engagement Day
1151,C058,40,6,12/12/2023,17:19:49,14/12/2023,01:28:32,Anniversary's Day
1152,C094,32,4,19/01/2023,08:53:43,23/01/2023,22:01:01,Graduation Day
1153,C094,47,3,05/03/2023,01:59:20,14/03/2023,04:41:16,Farewells
1154,C098,61,7,29/09/2023,07:08:13,08/10/2023,14:46:18,Holiday
1155,C042,35,3,28/02/2023,19:44:25,10/03/2023,13:41:37,Special Events
1156,C066,21,7,28/08/2023,05:37:00,01/09/2023,22:05:03,Birthday
1157,C004,8,4,02/03/2023,07:51:06,09/03/2023,09:07:41,Wedding's Day
1158,C052,55,6,22/08/2023,13:05:23,24/08/2023,01:32:28,Engagement Day
1159,C033,64,2,22/08/2023,05:51:43,26/08/2023,04:52:23,Anniversary's Day
1160,C050,32,6,27/02/2023,20:15:31,07/03/2023,22:46:00,Graduation Day
1161,C075,41,3,09/11/2023,03:23:06,12/11/2023,04:15:17,Farewells
1162,C087,64,4,27/08/2023,15:23:25,01/09/2023,14:52:40,Holiday
1163,C097,46,2,06/05/2023,07:56:11,07/05/2023,15:23:52,Special Events
1164,C044,25,7,30/06/2023,10:50:24,01/07/2023,18:08:04,Birthday
1165,C077,16,1,02/03/2023,20:02:07,08/03/2023,06:16:18,Wedding's Day
1166,C086,9,7,29/08/2023,22:10:46,30/08/2023,00:51:55,Engagement Day
1167,C044,8,4,24/10/2023,16:47:01,01/11/2023,22:18:58,Anniversary's Day
1168,C020,42,3,19/12/2023,18:35:41,26/12/2023,10:18:04,Graduation Day
1169,C007,46,3,12/01/2023,19:18:53,15/01/2023,05:04:21,Farewells
1170,C079,56,6,24/05/2023,18:41:33,03/06/2023,19:06:17,Holiday
1171,C026,65,2,01/02/2023,18:56:24,10/02/2023,02:19:29,Special Events
1172,C002,26,1,05/03/2023,00:40:48,13/03/2023,01:40:17,Birthday
1173,C029,60,7,03/11/2023,18:35:20,12/11/2023,14:01:49,Wedding's Day
1174,C089,32,7,05/07/2023,17:35:53,06/07/2023,23:34:11,Engagement Day
1175,C020,44,6,08/11/2023,02:36:05,11/11/2023,03:11:27,Anniversary's Day
1176,C036,14,2,19/12/2023,12:57:12,21/12/2023,00:00:36,Graduation Day
1177,C003,19,7,09/02/2023,10:18:01,17/02/2023,06:09:40,Farewells
1178,C072,51,2,02/11/2023,03:51:23,12/11/2023,01:49:51,Holiday
1179,C031,67,4,13/01/2023,19:19:35,16/01/2023,11:50:30,Special Events
1180,C041,26,4,07/03/2023,06:16:00,12/03/2023,23:16:39,Birthday
1181,C085,46,6,29/12/2023,17:11:33,01/01/2024,02:27:46,Wedding's Day
1182,C007,68,1,11/02/2023,21:46:03,12/02/2023,19:27:09,Engagement Day
1183,C067,51,1,09/10/2023,19:12:55,10/10/2023,09:48:27,Anniversary's Day
1184,C032,57,5,17/10/2023,18:51:16,25/10/2023,02:55:03,Graduation Day
1185,C069,15,7,28/11/2023,02:47:39,02/12/2023,06:56:03,Farewells
1186,C009,44,6,07/11/2023,18:10:17,12/11/2023,10:21:36,Holiday
1187,C005,6,2,06/03/2023,16:52:57,10/03/2023,22:26:48,Special Events
1188,C013,57,3,12/03/2023,01:16:48,14/03/2023,00:50:03,Birthday
1189,C092,21,4,23/08/2023,23:15:17,25/08/2023,10:31:01,Wedding's Day
1190,C030,13,2,06/03/2023,11:31:57,10/03/2023,18:17:54,Engagement Day
1191,C035,44,4,11/11/2023,09:41:46,14/11/2023,14:15:30,Anniversary's Day
1192,C050,51,6,17/09/2023,21:14:53,23/09/2023,14:27:28,Graduation Day
1193,C016,62,2,27/02/2023,02:00:33,02/03/2023,02:51:29,Farewells
1194,C033,57,5,07/08/2023,23:50:11,17/08/2023,20:15:43,Holiday
1195,C077,21,1,27/08/2023,17:40:11,02/09/2023,16:16:50,Special Events
1196,C053,63,6,09/02/2023,09:22:18,18/02/2023,14:00:44,Birthday
1197,C046,44,2,08/11/2023,01:51:48,09/11/2023,16:01:24,Wedding's Day
1198,C047,43,4,10/11/2023,07:06:21,15/11/2023,01:46:27,Engagement Day
1199,C064,14,6,10/01/2023,19:29:59,13/01/2023,13:30:30,Anniversary's Day
1200,C030,32,4,09/02/2023,08:19:31,14/02/2023,02:37:34,Graduation Day
1201,C014,24,5,17/06/2023,21:50:22,21/06/2023,07:12:59,Special Events
1202,C058,35,3,07/03/2023,19:15:48,15/03/2023,06:35:12,Birthday
1203,C097,45,2,23/03/2023,12:37:23,26/03/2023,06:19:00,Wedding's Day
1204,C040,26,6,03/03/2023,12:03:48,10/03/2023,02:50:05,Engagement Day
1205,C009,3,2,05/02/2023,05:37:18,07/02/2023,01:58:08,Anniversary's Day
1206,C028,24,6,11/06/2023,14:39:08,14/06/2023,18:07:19,Graduation Day
1207,C088,29,7,28/02/2023,13:01:22,08/03/2023,06:38:58,Farewells
1208,C006,40,7,29/11/2023,16:20:19,09/12/2023,03:09:57,Holiday
1209,C002,9,1,29/08/2023,15:36:39,30/08/2023,10:11:21,Special Events
1210,C062,35,7,07/03/2023,19:50:47,17/03/2023,01:51:34,Birthday
1211,C059,24,4,15/12/2023,05:57:14,17/12/2023,12:05:52,Wedding's Day
1212,C020,14,5,18/10/2023,12:04:11,25/10/2023,21:55:52,Engagement Day
1213,C058,40,6,12/12/2023,17:19:49,14/12/2023,01:28:32,Anniversary's Day
1214,C094,32,4,19/01/2023,08:53:43,23/01/2023,22:01:01,Graduation Day
1215,C094,47,3,05/03/2023,01:59:20,14/03/2023,04:41:16,Farewells
1216,C098,61,7,29/09/2023,07:08:13,08/10/2023,14:46:18,Holiday
1217,C042,35,3,28/02/2023,19:44:25,10/03/2023,13:41:37,Special Events
1218,C066,21,7,28/08/2023,05:37:00,01/09/2023,22:05:03,Birthday
1219,C004,8,4,02/03/2023,07:51:06,09/03/2023,09:07:41,Wedding's Day
1220,C052,55,6,22/08/2023,13:05:23,24/08/2023,01:32:28,Engagement Day
1221,C033,64,2,22/08/2023,05:51:43,26/08/2023,04:52:23,Anniversary's Day
1222,C050,32,6,27/02/2023,20:15:31,07/03/2023,22:46:00,Graduation Day
1223,C075,41,3,09/11/2023,03:23:06,12/11/2023,04:15:17,Farewells
1224,C087,64,4,27/08/2023,15:23:25,01/09/2023,14:52:40,Holiday
1225,C097,46,2,06/05/2023,07:56:11,07/05/2023,15:23:52,Special Events
1226,C044,25,7,30/06/2023,10:50:24,01/07/2023,18:08:04,Birthday
1227,C077,16,1,02/03/2023,20:02:07,08/03/2023,06:16:18,Wedding's Day
1228,C086,9,7,29/08/2023,22:10:46,30/08/2023,00:51:55,Engagement Day
1229,C044,8,4,24/10/2023,16:47:01,01/11/2023,22:18:58,Anniversary's Day
1230,C020,42,3,19/12/2023,18:35:41,26/12/2023,10:18:04,Graduation Day
1231,C007,46,3,12/01/2023,19:18:53,15/01/2023,05:04:21,Farewells
1232,C079,56,6,24/05/2023,18:41:33,03/06/2023,19:06:17,Holiday
1233,C026,65,2,01/02/2023,18:56:24,10/02/2023,02:19:29,Special Events
1234,C002,26,1,05/03/2023,00:40:48,13/03/2023,01:40:17,Birthday
1235,C029,60,7,03/11/2023,18:35:20,12/11/2023,14:01:49,Wedding's Day
1236,C089,32,7,05/07/2023,17:35:53,06/07/2023,23:34:11,Engagement Day
1237,C020,44,6,08/11/2023,02:36:05,11/11/2023,03:11:27,Anniversary's Day
1238,C036,14,2,19/12/2023,12:57:12,21/12/2023,00:00:36,Graduation Day
1239,C003,19,7,09/02/2023,10:18:01,17/02/2023,06:09:40,Farewells
1240,C072,51,2,02/11/2023,03:51:23,12/11/2023,01:49:51,Holiday
1241,C031,67,4,13/01/2023,19:19:35,16/01/2023,11:50:30,Special Events
1242,C041,26,4,07/03/2023,06:16:00,12/03/2023,23:16:39,Birthday
1243,C085,46,6,29/12/2023,17:11:33,01/01/2024,02:27:46,Wedding's Day
1244,C007,68,1,11/02/2023,21:46:03,12/02/2023,19:27:09,Engagement Day
1245,C067,51,1,09/10/2023,19:12:55,10/10/2023,09:48:27,Anniversary's Day
1246,C032,57,5,17/10/2023,18:51:16,25/10/2023,02:55:03,Graduation Day
1247,C069,15,7,28/11/2023,02:47:39,02/12/2023,06:56:03,Farewells
1248,C009,44,6,07/11/2023,18:10:17,12/11/2023,10:21:36,Holiday
1249,C005,6,2,06/03/2023,16:52:57,10/03/2023,22:26:48,Special Events
1250,C013,57,3,12/03/2023,01:16:48,14/03/2023,00:50:03,Birthday
1251,C092,21,4,23/08/2023,23:15:17,25/08/2023,10:31:01,Wedding's Day
1252,C030,13,2,06/03/2023,11:31:57,10/03/2023,18:17:54,Engagement Day
1253,C035,44,4,11/11/2023,09:41:46,14/11/2023,14:15:30,Anniversary's Day
1254,C050,51,6,17/09/2023,21:14:53,23/09/2023,14:27:28,Graduation Day
1255,C016,62,2,27/02/2023,02:00:33,02/03/2023,02:51:29,Farewells
1256,C033,57,5,07/08/2023,23:50:11,17/08/2023,20:15:43,Holiday
1257,C077,21,1,27/08/2023,17:40:11,02/09/2023,16:16:50,Special Events
1258,C053,63,6,09/02/2023,09:22:18,18/02/2023,14:00:44,Birthday
1259,C046,44,2,08/11/2023,01:51:48,09/11/2023,16:01:24,Wedding's Day
1260,C047,43,4,10/11/2023,07:06:21,15/11/2023,01:46:27,Engagement Day
1261,C064,14,6,10/01/2023,19:29:59,13/01/2023,13:30:30,Anniversary's Day
1262,C030,32,4,09/02/2023,08:19:31,14/02/2023,02:37:34,Graduation Day
